name_item,name,gender,concatenated
Q16278542,Lothar,male,Lothar_male
Q19967625,Margarethe,female,Margarethe_female
Q18171848,Amalie,female,Amalie_female
Q34999173,Budislav,male,Budislav_male
Q15106926,Hedda,female,Hedda_female
Q11166789,Justus,male,Justus_male
Q676823,Werner,male,Werner_male
Q15303956,Franko,male,Franko_male
Q16274713,Antun,male,Antun_male
Q12797317,Nasta,female,Nasta_female
Q12797325,Nataša,female,Nataša_female
Q1158570,Hermann,male,Hermann_male
Q25917001,Naďa,female,Naďa_female
Q19689450,Janine,female,Janine_female
Q4927589,Marcel,male,Marcel_male
Q56770038,Taťjana,female,Taťjana_female
Q15635267,Laurentius,male,Laurentius_male
Q19688780,Torsten,male,Torsten_male
Q587130,Vít,male,Vít_male
Q830177,Lilla,female,Lilla_female
Q16430091,Villa,female,Villa_female
Q4964415,Renata,female,Renata_female
Q7477462,Patricius,male,Patricius_male
Q16422363,Camilla,female,Camilla_female
Q16276304,Hans-Jürgen,male,Hans-Jürgen_male
Q19819750,Rich,male,Rich_male
Q16276444,حسن,male,حسن_male
Q1282843,Viliam,male,Viliam_male
Q1051881,Ilona,female,Ilona_female
Q18201513,Sarah,female,Sarah_female
Q898649,Branko,male,Branko_male
Q1073772,Baltazar,male,Baltazar_male
Q645412,Diana,female,Diana_female
Q2246251,Jens,male,Jens_male
Q15106707,Edeltraud,female,Edeltraud_female
Q16290827,Neklan,male,Neklan_male
Q4962499,Erika,female,Erika_female
Q12800474,Rozi,female,Rozi_female
Q12800476,Rozka,female,Rozka_female
Q18180124,Kliment,male,Kliment_male
Q2605834,Jaime,male,Jaime_male
Q3487834,Jasna,female,Jasna_female
Q24046163,Adalberta,female,Adalberta_female
Q18402571,Gordon,male,Gordon_male
Q1242655,Павел,male,Павел_male
Q10954134,Josip,male,Josip_male
Q1246129,Dorota,female,Dorota_female
Q602968,Zenon,male,Zenon_male
Q20010126,Matylda,female,Matylda_female
Q31849449,Drahomír,male,Drahomír_male
Q1602218,Václav,male,Václav_male
Q54835643,Johann Heinrich,male,Johann Heinrich_male
Q64576675,Jan Baptist,male,Jan Baptist_male
Q853609,Csaba,male,Csaba_male
Q108692795,Jens-Uwe,male,Jens-Uwe_male
Q853689,Peregrin,male,Peregrin_male
Q19968456,Yiannis,male,Yiannis_male
Q16275371,Denisa,female,Denisa_female
Q9393924,Łada,male,Łada_male
Q21400609,Herwig,male,Herwig_male
Q656590,Ingeborg,female,Ingeborg_female
Q15877163,Bohdan,male,Bohdan_male
Q18760903,Netta,unisex,Netta_unisex
Q14639862,Carsten,male,Carsten_male
Q18177267,Gotthard,male,Gotthard_male
Q2584148,Winfried,male,Winfried_male
Q18607893,Ahmed,male,Ahmed_male
Q84599751,Pavlína,female,Pavlína_female
Q2567080,Radmila,female,Radmila_female
Q20088051,Luba,female,Luba_female
Q18199009,Dominik,male,Dominik_male
Q7165927,Priscilla,female,Priscilla_female
Q19370861,Bernardus,male,Bernardus_male
Q13484571,Béla,male,Béla_male
Q16281647,Slavomír,male,Slavomír_male
Q11379871,Čestmír,male,Čestmír_male
Q10998835,Zbigniew,male,Zbigniew_male
Q1874605,Bruno,male,Bruno_male
Q1736622,Katja,female,Katja_female
Q713735,Aranka,female,Aranka_female
Q16282141,Tomáš,male,Tomáš_male
Q15925029,Quirico,male,Quirico_male
Q2874494,Avraham,male,Avraham_male
Q68760195,Metoděj,male,Metoděj_male
Q18201520,Sofia,female,Sofia_female
Q20963135,Van,male,Van_male
Q15897830,Petr,male,Petr_male
Q18571948,Věra,female,Věra_female
Q19689422,Gemma,female,Gemma_female
Q16277034,Ignác,male,Ignác_male
Q19816591,Kazimierz,male,Kazimierz_male
Q12805578,Verka,female,Verka_female
Q262891,Vjenceslava,female,Vjenceslava_female
Q18572472,Klaudie,female,Klaudie_female
Q21065948,Herrmann,male,Herrmann_male
Q1508902,Nina,female,Nina_female
Q61703203,Salesius,male,Salesius_male
Q14647205,Harold,male,Harold_male
Q28538505,Vácslav,male,Vácslav_male
Q12806708,Zlatica,female,Zlatica_female
Q396447,Maxim,male,Maxim_male
Q68762438,Otomar,male,Otomar_male
Q262119,Pamela,female,Pamela_female
Q2464083,Jorik,male,Jorik_male
Q11239338,Bořek,male,Bořek_male
Q16429602,Valentínus,male,Valentínus_male
Q734575,Gloria,female,Gloria_female
Q4927937,Robert,male,Robert_male
Q1576766,Volker,male,Volker_male
Q2630093,Jason,male,Jason_male
Q12338797,Tanja,female,Tanja_female
Q15041096,Krzysztof,male,Krzysztof_male
Q21147578,Camillus,,Camillus_unisex
Q16430050,Karla,female,Karla_female
Q12034409,Lumír,male,Lumír_male
Q19766044,Egidius,male,Egidius_male
Q16747215,Erwin,male,Erwin_male
Q19729788,Eliška,female,Eliška_female
Q988912,Ella,female,Ella_female
Q17856161,Růžena,female,Růžena_female
Q13548435,Dionýz,male,Dionýz_male
Q9353025,Sława,female,Sława_female
Q20883901,Fany,female,Fany_female
Q44528010,Michala,female,Michala_female
Q20019221,Adéla,female,Adéla_female
Q1294670,Stanislav,male,Stanislav_male
Q18057751,David,male,David_male
Q7498915,Heather,female,Heather_female
Q1035239,Helena,female,Helena_female
Q65594684,Albín,male,Albín_male
Q11878157,Elias,male,Elias_male
Q989544,Emöke,female,Emöke_female
Q2693525,Eve,unisex,Eve_unisex
Q16704171,Таисия,female,Таисия_female
Q1474819,Sandra,female,Sandra_female
Q1920728,Yves,male,Yves_male
Q2242896,Ebba,female,Ebba_female
Q16356333,Evita,female,Evita_female
Q476155,Enoch,male,Enoch_male
Q847179,Paula,female,Paula_female
Q1528655,Vlasta,unisex,Vlasta_unisex
Q909104,Dorian,male,Dorian_male
Q19967934,Hani,male,Hani_male
Q15727164,Filippo,male,Filippo_male
Q15868042,Jim,male,Jim_male
Q3240792,Lilia,female,Lilia_female
Q1312593,Vadim,male,Vadim_male
Q7626248,Stuart,male,Stuart_male
Q4963155,Kazi,unisex,Kazi_unisex
Q3439273,Niklas,male,Niklas_male
Q13371114,Ľubica,female,Ľubica_female
Q18115587,Yvonne,female,Yvonne_female
Q64876569,Jan Nepomuk,male,Jan Nepomuk_male
Q922876,Sidonia,female,Sidonia_female
Q18338226,Tatjana,female,Tatjana_female
Q20755014,Silvie,female,Silvie_female
Q1413630,Filipe,male,Filipe_male
Q1009842,Gereon,male,Gereon_male
Q39774269,Nélida,female,Nélida_female
Q16798217,Jean-Paul,male,Jean-Paul_male
Q15891793,Małgorzata,female,Małgorzata_female
Q3543756,Stanislava,female,Stanislava_female
Q13138161,Suzanne,female,Suzanne_female
Q1226314,Dinesh,male,Dinesh_male
Q16275071,Božena,female,Božena_female
Q61044456,Dobroslav,male,Dobroslav_male
Q381098,Benno,male,Benno_male
Q20798991,Jayne,female,Jayne_female
Q6949677,Mária,female,Mária_female
Q221332,Bernarda,female,Bernarda_female
Q768847,Augustinus,male,Augustinus_male
Q21061294,Vincentius,male,Vincentius_male
Q11287301,Mildred,female,Mildred_female
Q1237447,Pieter,male,Pieter_male
Q34997882,Cyril,male,Cyril_male
Q18141405,Marianna,female,Marianna_female
Q13501137,Jon,male,Jon_male
Q381702,Horst,male,Horst_male
Q22348511,Vojmír,male,Vojmír_male
Q1395016,Inka,female,Inka_female
Q18091373,Bianka,female,Bianka_female
Q4925477,John,male,John_male
Q2221177,Sandro,male,Sandro_male
Q1159033,Keith,male,Keith_male
Q18524243,Kateřina,female,Kateřina_female
Q20083701,만,,만_unisex
Q644599,Ida,female,Ida_female
Q13567058,Pero,male,Pero_male
Q12020336,Horymír,male,Horymír_male
Q18194760,Bea,female,Bea_female
Q16277425,Jolanta,female,Jolanta_female
Q70070276,Eduard Josef,male,Eduard Josef_male
Q16281907,たかし,male,たかし_male
Q11905003,Ali,unisex,Ali_unisex
Q666112,Boris,male,Boris_male
Q21069185,Manish,male,Manish_male
Q948418,Leonard,male,Leonard_male
Q16422778,Dúna,female,Dúna_female
Q18428430,Hjalmar,male,Hjalmar_male
Q2755455,Lech,male,Lech_male
Q16290330,Jena,female,Jena_female
Q2829505,Alain,male,Alain_male
Q925678,Anita,female,Anita_female
Q21069168,Radovan,male,Radovan_male
Q70072756,Franz Karl,male,Franz Karl_male
Q99768021,Jelena,female,Jelena_female
Q18342151,Benedikt,male,Benedikt_male
Q26822137,Řehoř,male,Řehoř_male
Q181377,Edda,female,Edda_female
Q19902066,Ottomar,male,Ottomar_male
Q17520952,Marko,male,Marko_male
Q101512829,Bharat,male,Bharat_male
Q18584933,Klement,male,Klement_male
Q2054021,Matilda,female,Matilda_female
Q20010152,Ottokar,male,Ottokar_male
Q1016412,Burkhard,male,Burkhard_male
Q18177348,Melchior,male,Melchior_male
Q15833066,Lydie,female,Lydie_female
Q507605,Ludolf,male,Ludolf_male
Q3293081,Marika,female,Marika_female
Q15289690,Jānis,male,Jānis_male
Q168563,Jiří,male,Jiří_male
Q7111053,Konstantin,male,Konstantin_male
Q2165388,Ron,male,Ron_male
Q746517,Grażyna,female,Grażyna_female
Q1738165,Willibald,male,Willibald_male
Q4252494,Lada,female,Lada_female
Q18638241,Ester,female,Ester_female
Q2167906,Rostislav,male,Rostislav_male
Q17496752,Stephanus,male,Stephanus_male
Q499249,Walter,male,Walter_male
Q18227995,Darja,female,Darja_female
Q493293,Andrea,unisex,Andrea_unisex
Q3491383,Radim,male,Radim_male
Q7618688,Kerstin,female,Kerstin_female
Q15614025,Dita,female,Dita_female
Q1938195,Miriam,female,Miriam_female
Q1815106,Branislav,male,Branislav_male
Q1165126,Theodor,male,Theodor_male
Q21042813,Sal,,Sal_unisex
Q647872,Irma,female,Irma_female
Q16275316,Dave,male,Dave_male
Q1866702,Ljiljana,female,Ljiljana_female
Q18607892,Kostas,male,Kostas_male
Q370731,August,male,August_male
Q713703,Ildikó,female,Ildikó_female
Q18608119,Feodosij,male,Feodosij_male
Q18218258,Veronika,female,Veronika_female
Q4143455,Gorazd,male,Gorazd_male
Q93270952,Параска,female,Параска_female
Q1596198,Theophil,male,Theophil_male
Q25959358,Vendelín,male,Vendelín_male
Q7651659,Svantovít,male,Svantovít_male
Q1868650,Lola,female,Lola_female
Q16275679,Emilie,female,Emilie_female
Q19906344,Bronislav,male,Bronislav_male
Q16420855,Beta,female,Beta_female
Q207142,Zlatko,male,Zlatko_male
Q21142133,Eugenie,female,Eugenie_female
Q18177146,Kajetan,male,Kajetan_male
Q18177149,Imrich,male,Imrich_male
Q18177157,Cyrill,male,Cyrill_male
Q905581,Dina,female,Dina_female
Q18177332,Innozenz,male,Innozenz_male
Q18177333,Ignaz,male,Ignaz_male
Q19025545,Kristína,female,Kristína_female
Q11264166,Lily,female,Lily_female
Q5401576,Anton,male,Anton_male
Q752665,Hashim,male,Hashim_male
Q1317613,Tekla,female,Tekla_female
Q16001700,Ad,male,Ad_male
Q19602858,Václava,female,Václava_female
Q20088029,Shmuel,male,Shmuel_male
Q278742,Danuta,female,Danuta_female
Q15727889,Štefan,male,Štefan_male
Q1241023,Stan,male,Stan_male
Q2090092,Betty,female,Betty_female
Q16532270,Besa,male,Besa_male
Q34020420,Naděžda,female,Naděžda_female
Q302038,Tihamér,male,Tihamér_male
Q659757,Dragana,female,Dragana_female
Q4925623,Paul,male,Paul_male
Q4295667,Mirko,male,Mirko_male
Q13548416,Anežka,female,Anežka_female
Q20002268,Raya,,Raya_unisex
Q1183757,Zsuzsa,female,Zsuzsa_female
Q737848,Berenice,female,Berenice_female
Q1410836,Sieglinde,female,Sieglinde_female
Q16166467,Žofie,female,Žofie_female
Q602977,Simone,female,Simone_female
Q13566352,Vlastimir,male,Vlastimir_male
Q987902,Egon,male,Egon_male
Q15728223,Wilhelmine,female,Wilhelmine_female
Q14516546,Daniel,male,Daniel_male
Q1530266,Harald,male,Harald_male
Q736210,Աթանաս,male,Աթանաս_male
Q736210,Атанас,male,Атанас_male
Q632389,Oliva,female,Oliva_female
Q15885228,Theodorus,male,Theodorus_male
Q629347,Samuel,male,Samuel_male
Q11827272,Probus,male,Probus_male
Q1675814,Ivona,female,Ivona_female
Q38444774,Bodza,female,Bodza_female
Q686636,Amand,male,Amand_male
Q16422172,Max,male,Max_male
Q4926998,Květoslav,male,Květoslav_male
Q4927031,Lubor,male,Lubor_male
Q4801582,Artur,male,Artur_male
Q21029874,Alexandr,male,Alexandr_male
Q4927325,Miloslav,male,Miloslav_male
Q4664745,Abdel Fattah,male,Abdel Fattah_male
Q394431,Agnes,female,Agnes_female
Q12795429,Magda,female,Magda_female
Q3858893,Miro,male,Miro_male
Q16275888,ふみお,male,ふみお_male
Q4927928,Radúz,male,Radúz_male
Q93133676,Kristan,unisex,Kristan_unisex
Q18978420,Roderick,male,Roderick_male
Q19688260,Annibale,male,Annibale_male
Q4928105,Tomislav,male,Tomislav_male
Q2253934,Владимир,male,Владимир_male
Q4928226,Vítězslav,male,Vítězslav_male
Q1883409,Madlenka,female,Madlenka_female
Q22806455,Vladislava,female,Vladislava_female
Q4767268,Anna Magdalena,female,Anna Magdalena_female
Q1035107,Helga,female,Helga_female
Q1159009,Jack,male,Jack_male
Q27996198,Maxmilián,male,Maxmilián_male
Q1757309,Lukáš,male,Lukáš_male
Q25960544,Xenie,female,Xenie_female
Q18192705,Jobst,male,Jobst_male
Q12794332,Kristian,male,Kristian_male
Q15303198,Hilda,female,Hilda_female
Q12803329,Stana,female,Stana_female
Q47090358,Beneš,male,Beneš_male
Q1158489,Kurt,male,Kurt_male
Q21646190,Thi,unisex,Thi_unisex
Q770041,Augustus,male,Augustus_male
Q659189,Vera,female,Vera_female
Q2631249,Antonino,male,Antonino_male
Q13610143,Mark,male,Mark_male
Q4963612,Margaret,female,Margaret_female
Q18156264,Gregor,male,Gregor_male
Q10403123,Agda,female,Agda_female
Q2022412,Desiderius,male,Desiderius_male
Q11833505,Radomiła,female,Radomiła_female
Q18121213,Jochen,male,Jochen_male
Q20035740,Maryna,female,Maryna_female
Q11706851,Břetislav,male,Břetislav_male
Q17520946,Marek,male,Marek_male
Q67771970,Ελευθερία,female,Ελευθερία_female
Q16320672,Vojtěch,male,Vojtěch_male
Q1514341,Jeremy,male,Jeremy_male
Q167755,Astrid,female,Astrid_female
Q11167678,Nathan,male,Nathan_male
Q3489872,Mojmir,male,Mojmir_male
Q27494794,Viktorin,male,Viktorin_male
Q3490035,Ctibor,male,Ctibor_male
Q17457234,Markéta,female,Markéta_female
Q1158139,Robin,unisex,Robin_unisex
Q21061157,Svatopluk,male,Svatopluk_male
Q533053,Elio,male,Elio_male
Q53805561,Josef Maria,male,Josef Maria_male
Q7375129,Dawn,female,Dawn_female
Q18195748,Krištof,male,Krištof_male
Q187837,Jacek,male,Jacek_male
Q28846486,Slavka,female,Slavka_female
Q847566,Wolfram,male,Wolfram_male
Q1157241,Dagmar,female,Dagmar_female
Q47012867,Miloslava,female,Miloslava_female
Q10429724,Binh,,Binh_unisex
Q579371,Bruce,male,Bruce_male
Q11699325,Galla,female,Galla_female
Q18339808,Otilia,female,Otilia_female
Q852779,Valentin,male,Valentin_male
Q1392849,Slavko,male,Slavko_male
Q1282258,Ed,male,Ed_male
Q41134709,Людмила,female,Людмила_female
Q19688744,Raimondo,male,Raimondo_male
Q5254911,Evan,male,Evan_male
Q937379,Florian,male,Florian_male
Q17747314,Ružena,female,Ružena_female
Q4963627,Martina,female,Martina_female
Q21369263,Július,male,Július_male
Q16161911,Agnieszka,female,Agnieszka_female
Q1985538,Georg,male,Georg_male
Q3447666,Leni,female,Leni_female
Q16898983,Antonius,male,Antonius_male
Q632842,Hans,male,Hans_male
Q2018484,Heinrich,male,Heinrich_male
Q69378385,Svatomír,male,Svatomír_male
Q69378438,Šebestián,male,Šebestián_male
Q854739,Jolana,female,Jolana_female
Q141520,Liane,female,Liane_female
Q1042460,Rajmund,male,Rajmund_male
Q13441279,Maroš,male,Maroš_male
Q18220903,Jan,female,Jan_female
Q16420967,Louisa,female,Louisa_female
Q69379470,Zdenek,male,Zdenek_male
Q18199028,Klara,female,Klara_female
Q38038024,Olga,female,Olga_female
Q933726,Roman,male,Roman_male
Q1035642,Hermes,male,Hermes_male
Q14753732,Nicole,female,Nicole_female
Q20000745,Merita,female,Merita_female
Q15857835,Gražina,female,Gražina_female
Q1855995,Otmar,male,Otmar_male
Q16002135,Aiga,female,Aiga_female
Q16868070,Félix,male,Félix_male
Q18343247,Liz,female,Liz_female
Q35004028,Irina,female,Irina_female
Q101512829,भारत,male,भारत_male
Q21066004,Silvestr,male,Silvestr_male
Q22670354,Vavřinec,male,Vavřinec_male
Q20000228,Neva,female,Neva_female
Q15282046,Dubravka,female,Dubravka_female
Q2800528,Severin,male,Severin_male
Q68769231,Světlana,female,Světlana_female
Q1930213,Michail,male,Michail_male
Q1009550,Jiřina,female,Jiřina_female
Q18071263,Annette,female,Annette_female
Q7929930,Viktoriya,female,Viktoriya_female
Q12272404,Асен,male,Асен_male
Q20000794,Bohdana,female,Bohdana_female
Q18638754,Joannes,male,Joannes_male
Q379029,Salome,female,Salome_female
Q15732792,Pavol,male,Pavol_male
Q12805884,Vlada,female,Vlada_female
Q4308518,Mustafa,male,Mustafa_male
Q18039679,Othmar,male,Othmar_male
Q3869139,Myrna,female,Myrna_female
Q48688401,Vojen,male,Vojen_male
Q18760871,Mauritz,male,Mauritz_male
Q18001873,Emmanuel,male,Emmanuel_male
Q20635287,Marián,male,Marián_male
Q18563993,Michal,male,Michal_male
Q3623461,Arnold,male,Arnold_male
Q15277196,Erich,male,Erich_male
Q94989549,Jindra,,Jindra_unisex
Q17520944,Marc,male,Marc_male
Q96757542,Jiljí,male,Jiljí_male
Q9373661,Wiesława,female,Wiesława_female
Q2639538,Hilde,female,Hilde_female
Q28133201,Анастас,male,Анастас_male
Q12794787,Leopoldina,female,Leopoldina_female
Q1012152,Gordana,female,Gordana_female
Q21069169,Amjad,male,Amjad_male
Q18398186,Augustin,male,Augustin_male
Q19816203,Brigita,female,Brigita_female
Q21069406,Gejza,male,Gejza_male
Q21069411,Vincenc,male,Vincenc_male
Q21069440,Tadeáš,male,Tadeáš_male
Q7038725,Dolores,female,Dolores_female
Q25393349,Stela,female,Stela_female
Q837124,Silvia,female,Silvia_female
Q15238167,Tony,unisex,Tony_unisex
Q664915,Leander,male,Leander_male
Q16280379,Olivier,male,Olivier_male
Q69511136,선용,male,선용_male
Q20205104,Xaverius,male,Xaverius_male
Q4391614,Paulus,male,Paulus_male
Q2897866,Louis,unisex,Louis_unisex
Q807087,Baptist,male,Baptist_male
Q18535317,Vladimír,male,Vladimír_male
Q2472988,Udalrich,male,Udalrich_male
Q602138,Witold,male,Witold_male
Q830350,Ivan,male,Ivan_male
Q842544,Magdalena,female,Magdalena_female
Q1031425,Ambrož,male,Ambrož_male
Q54518525,Johann Joseph,male,Johann Joseph_male
Q2218095,Catherine,female,Catherine_female
Q19688775,Thorsten,male,Thorsten_male
Q15786788,Arild,male,Arild_male
Q6753023,Manuela,female,Manuela_female
Q1326129,Thaddeus,male,Thaddeus_male
Q2800558,Shane,male,Shane_male
Q429948,Laura,female,Laura_female
Q18190928,Brigitta,female,Brigitta_female
Q47005721,Drahoslava,female,Drahoslava_female
Q59133398,Theodorik,male,Theodorik_male
Q54087469,Jiří Antonín,male,Jiří Antonín_male
Q21074403,Herma,female,Herma_female
Q1820274,Gary,male,Gary_male
Q18748567,Zdeňka,female,Zdeňka_female
Q12793537,Katka,female,Katka_female
Q3806969,Giovanna,female,Giovanna_female
Q364753,Carlos,male,Carlos_male
Q168280,Dušan,male,Dušan_male
Q12173670,Jan,male,Jan_male
Q21288075,Kristýna,female,Kristýna_female
Q946969,Kamil,male,Kamil_male
Q13028078,Jeffrey,male,Jeffrey_male
Q16154201,Aneta,female,Aneta_female
Q12797301,Narcisa,female,Narcisa_female
Q18020611,Gottlieb,male,Gottlieb_male
Q4926428,Bohuš,male,Bohuš_male
Q4926443,Blahoslav,male,Blahoslav_male
Q3847963,Marilla,female,Marilla_female
Q4926562,Ctirad,male,Ctirad_male
Q1136594,Linda,female,Linda_female
Q14936243,Susan,female,Susan_female
Q18177153,Monika,female,Monika_female
Q20898936,Mindy,female,Mindy_female
Q4926514,Basil,male,Basil_male
Q15731689,Ульяна,female,Ульяна_female
Q15731689,Уляна,female,Уляна_female
Q19688725,Omid,male,Omid_male
Q521681,Sebald,male,Sebald_male
Q17317988,Екатерина,female,Екатерина_female
Q17318005,Katarzyna,female,Katarzyna_female
Q11885925,Ossi,male,Ossi_male
Q18177338,Reinhard,male,Reinhard_male
Q10514602,Terry,unisex,Terry_unisex
Q27628670,Aladdin,male,Aladdin_male
Q12001234,Věnceslav,male,Věnceslav_male
Q4926833,Herbert,male,Herbert_male
Q903664,Demeter,male,Demeter_male
Q1759001,Milena,female,Milena_female
Q21146824,Fridrich,,Fridrich_unisex
Q18920951,Baptista,male,Baptista_male
Q2102316,Nancy,female,Nancy_female
Q19754236,Tadeusz,male,Tadeusz_male
Q1084472,Christopher,male,Christopher_male
Q21485499,Randolph,male,Randolph_male
Q1235797,Dolly,female,Dolly_female
Q11682058,Gedeon,male,Gedeon_male
Q18515951,Uwe,male,Uwe_male
Q18133228,Maximilian,male,Maximilian_male
Q12790735,Hanka,female,Hanka_female
Q12002730,Věroslav,male,Věroslav_male
Q18352986,Bedřiška,female,Bedřiška_female
Q974853,Nabil,male,Nabil_male
Q3341832,Νίκος,male,Νίκος_male
Q20000035,Lilli,female,Lilli_female
Q20059643,Bohumila,female,Bohumila_female
Q846741,Marta,female,Marta_female
Q20942068,Федір,male,Федір_male
Q2588576,Wolf,male,Wolf_male
Q20968145,Dominicus,male,Dominicus_male
Q1158596,Fritz,male,Fritz_male
Q38202435,Knox,male,Knox_male
Q1894521,Mareike,female,Mareike_female
Q16279062,Martha,female,Martha_female
Q18245781,Bill,male,Bill_male
Q20000499,Katerina,female,Katerina_female
Q16542374,Clifford,male,Clifford_male
Q28872045,Darek,male,Darek_male
Q12791745,Iza,female,Iza_female
Q168932,Zdenko,male,Zdenko_male
Q1818817,Mathias,male,Mathias_male
Q20798843,Rastislav,male,Rastislav_male
Q18638465,Todd,male,Todd_male
Q776529,Michaela,female,Michaela_female
Q221978,Bernhard,male,Bernhard_male
Q15303200,Ilda,female,Ilda_female
Q15897419,Pedro,male,Pedro_male
Q16420681,Benoni,male,Benoni_male
Q903741,Ingrid,female,Ingrid_female
Q20002188,Jano,male,Jano_male
Q987115,Dora,female,Dora_female
Q17483971,Matthäus,male,Matthäus_male
Q1749410,Nelly,female,Nelly_female
Q15304232,Františka,female,Františka_female
Q21144165,Fina,female,Fina_female
Q30315316,Matěj,male,Matěj_male
Q401836,Edmund,male,Edmund_male
Q2923176,Božo,male,Božo_male
Q1734206,Karolina,female,Karolina_female
Q11763130,Lubomira,female,Lubomira_female
Q16275021,Benedictus,male,Benedictus_male
Q1245713,Ralf,male,Ralf_male
Q18606276,Dionysius,male,Dionysius_male
Q88543122,Konstantina,female,Konstantina_female
Q18147462,Theresia,female,Theresia_female
Q168233,Zoe,female,Zoe_female
Q17485140,Matúš,male,Matúš_male
Q19688764,Siegmund,male,Siegmund_male
Q13365715,Lucy,female,Lucy_female
Q1770777,Kryštof,male,Kryštof_male
Q1675463,Gilbert,male,Gilbert_male
Q16290534,Lilly,female,Lilly_female
Q20087975,Kuba,male,Kuba_male
Q12781462,Ľuboslav,male,Ľuboslav_male
Q11877494,Ela,female,Ela_female
Q16277185,Ive,male,Ive_male
Q15899814,Ondrej,male,Ondrej_male
Q20631450,Josephus,male,Josephus_male
Q773765,Stella,female,Stella_female
Q18607880,Henning,male,Henning_male
Q2660560,Edgar,male,Edgar_male
Q15783513,Anke,female,Anke_female
Q15727746,Fabien,male,Fabien_male
Q18760860,Marianne,female,Marianne_female
Q18145769,Oskar,male,Oskar_male
Q4642,Marcus,male,Marcus_male
Q745888,Zdenka,female,Zdenka_female
Q1334508,Elżbieta,female,Elżbieta_female
Q1865968,Lenka,female,Lenka_female
Q20064912,Зінаіда,female,Зінаіда_female
Q28859429,Magdaléna,female,Magdaléna_female
Q617272,Josefa,female,Josefa_female
Q18156206,Konrád,male,Konrád_male
Q804338,Blanka,female,Blanka_female
Q16428906,Thomas,male,Thomas_male
Q23309993,Bartoloměj,male,Bartoloměj_male
Q16279824,Muir,male,Muir_male
Q1821009,Leszek,male,Leszek_male
Q6081128,Alexandra,female,Alexandra_female
Q19688856,Jindřiška,female,Jindřiška_female
Q86442893,Božetěch,male,Božetěch_male
Q5486209,Harriet,female,Harriet_female
Q15897708,Petrus,male,Petrus_male
Q7928397,Viera,female,Viera_female
Q22328803,Duchoslav,male,Duchoslav_male
Q7385728,Valeria,female,Valeria_female
Q659041,Aloisia,female,Aloisia_female
Q19819812,Les,male,Les_male
Q292691,Ernst,male,Ernst_male
Q16275193,Charlie,unisex,Charlie_unisex
Q25999604,Jacob,male,Jacob_male
Q15887853,Timoteus,male,Timoteus_male
Q6298851,André,male,André_male
Q388968,Şerif,male,Şerif_male
Q924782,Attila,male,Attila_male
Q11122389,Johann,male,Johann_male
Q10989273,Johan,male,Johan_male
Q19688756,Rupert,male,Rupert_male
Q13728754,Hubert,male,Hubert_male
Q16908634,Henricus,male,Henricus_male
Q16275302,Darina,female,Darina_female
Q768241,Augustina,female,Augustina_female
Q1255239,Dragutin,male,Dragutin_male
Q19997427,Venant,male,Venant_male
Q18946707,Sergej,male,Sergej_male
Q19997607,Heřman,male,Heřman_male
Q13221634,Oldřich,male,Oldřich_male
Q262776,Nepomuk,male,Nepomuk_male
Q20859477,Ernestus,male,Ernestus_male
Q3841018,Lynn,unisex,Lynn_unisex
Q1044619,Carolus,male,Carolus_male
Q4927313,Maciej,male,Maciej_male
Q18252114,Engelbert,male,Engelbert_male
Q19838224,Nikolaj,male,Nikolaj_male
Q14316098,Inez,female,Inez_female
Q668885,Harry,male,Harry_male
Q1114146,Clara,female,Clara_female
Q69360507,Ferdi,male,Ferdi_male
Q2958359,Charles,male,Charles_male
Q1559648,Gösta,male,Gösta_male
Q13553631,Janet,female,Janet_female
Q19998723,Štěpán,male,Štěpán_male
Q1688617,Евгений,male,Евгений_male
Q20738810,Godefridus,male,Godefridus_male
Q3215140,Louise,female,Louise_female
Q1762022,Johnny,male,Johnny_male
Q33101202,Jozefína,female,Jozefína_female
Q33101200,Jósefína,female,Jósefína_female
Q33101404,Anděla,female,Anděla_female
Q240931,Edwin,male,Edwin_male
Q2524315,Radoslav,male,Radoslav_male
Q21296871,Lubomír,male,Lubomír_male
Q21296876,Ľubomír,male,Ľubomír_male
Q21296882,Ljubomir,male,Ljubomir_male
Q11762548,Longina,female,Longina_female
Q12000546,Simona,female,Simona_female
Q18031774,Eduard,male,Eduard_male
Q1096053,Daniela,female,Daniela_female
Q3564245,Vlastimil,male,Vlastimil_male
Q60494104,Danuše,female,Danuše_female
Q20001035,Salamon,male,Salamon_male
Q14899148,Natalie,female,Natalie_female
Q1096368,Ilka,female,Ilka_female
Q2123119,Quido,male,Quido_male
Q19688413,Erhart,male,Erhart_male
Q20740353,Alphonsus,male,Alphonsus_male
Q51844636,Simoneta,female,Simoneta_female
Q476059,Roswitha,female,Roswitha_female
Q20000462,Jehuda,male,Jehuda_male
Q20000831,Savo,male,Savo_male
Q3887165,Octavian,male,Octavian_male
Q12792774,Joža,male,Joža_male
Q4712286,Albertus,male,Albertus_male
Q20643430,Hermína,female,Hermína_female
Q16727197,Bernadeta,female,Bernadeta_female
Q666578,Anna,female,Anna_female
Q4926961,Joachim,male,Joachim_male
Q2528644,Vitas,male,Vitas_male
Q13258171,Alex,unisex,Alex_unisex
Q21030083,Richardus,male,Richardus_male
Q1242555,Hugo,male,Hugo_male
Q20003754,Fjodor,male,Fjodor_male
Q15621047,Michelle,female,Michelle_female
Q4964851,Vladana,female,Vladana_female
Q21155606,Bedřich,male,Bedřich_male
Q3126650,Hana,female,Hana_female
Q15620295,Miguel,male,Miguel_male
Q20000154,Artemis,female,Artemis_female
Q18177026,Dieter,male,Dieter_male
Q17522230,Jošt,male,Jošt_male
Q20083693,다,,다_unisex
Q1675729,Iveta,female,Iveta_female
Q11166731,Justin,male,Justin_male
Q904455,Lydia,female,Lydia_female
Q16282378,Βασίλειος,male,Βασίλειος_male
Q19689413,Emmi,female,Emmi_female
Q3778097,Guala,male,Guala_male
Q3737892,Fabiola,female,Fabiola_female
Q325872,Maria,female,Maria_female
Q18181675,Maurus,male,Maurus_male
Q18145815,Walther,male,Walther_male
Q18220743,Blasius,male,Blasius_male
Q18180801,Alfons,male,Alfons_male
Q4721581,Aleš,male,Aleš_male
Q1160233,Ladislav,male,Ladislav_male
Q4844560,Sebastian,male,Sebastian_male
Q17453068,Margita,female,Margita_female
Q1553223,Bibiana,female,Bibiana_female
Q11871961,Klaudia,female,Klaudia_female
Q12057750,Světluše,female,Světluše_female
Q3712839,Dominika,female,Dominika_female
Q16419555,Anja,female,Anja_female
Q18130791,Vladimirus,male,Vladimirus_male
Q3365580,Alicja,female,Alicja_female
Q4925914,Gabriel,male,Gabriel_male
Q168911,Zdena,female,Zdena_female
Q21069167,Mirek,male,Mirek_male
Q19824087,Mahmoud,male,Mahmoud_male
Q416744,Willy,male,Willy_male
Q15680647,Traugott,male,Traugott_male
Q4927769,Prokop,male,Prokop_male
Q2502926,Ute,unisex,Ute_unisex
Q21141878,Johana,female,Johana_female
Q444937,Nino,unisex,Nino_unisex
Q19869364,Claudius,male,Claudius_male
Q905954,Sigmund,male,Sigmund_male
Q677191,James,male,James_male
Q3714998,Drago,male,Drago_male
Q11770017,Mariola,female,Mariola_female
Q1066178,Aurora,female,Aurora_female
Q28801438,Georg-Wilhelm,male,Georg-Wilhelm_male
Q1642324,Vida,female,Vida_female
Q347243,Adalbert,male,Adalbert_male
Q773057,Birger,male,Birger_male
Q30081713,Олга,female,Олга_female
Q1745228,Lev,male,Lev_male
Q16419216,Alfa,female,Alfa_female
Q18094568,Larry,male,Larry_male
Q923,Alexander,male,Alexander_male
Q28802063,Jeroným,male,Jeroným_male
Q21143842,Eduarda,female,Eduarda_female
Q19597963,Wenzel,male,Wenzel_male
Q19869332,Jessika,female,Jessika_female
Q16275545,Dobromil,male,Dobromil_male
Q29550611,Cyrila,female,Cyrila_female
Q4964490,Sabina,female,Sabina_female
Q4961916,Deana,female,Deana_female
Q833463,Bohumil,male,Bohumil_male
Q12799746,Radislav,male,Radislav_male
Q18343061,Ewald,male,Ewald_male
Q20855991,Anicka,female,Anicka_female
Q20856004,Annamarie,female,Annamarie_female
Q20002178,Isabela,female,Isabela_female
Q14945082,Karola,female,Karola_female
Q18130926,Edvard,male,Edvard_male
Q16281769,Sue,female,Sue_female
Q575207,Alois,male,Alois_male
Q632104,Marie,unisex,Marie_unisex
Q7033510,Bohumír,male,Bohumír_male
Q607350,Virginia,female,Virginia_female
Q11903501,Vlad,male,Vlad_male
Q18145837,Adolf,male,Adolf_male
Q18177136,Felix,unisex,Felix_unisex
Q28812384,Slava,,Slava_unisex
Q4248351,Joanna,female,Joanna_female
Q70349320,Peregrino,male,Peregrino_male
Q18713959,Klára,female,Klára_female
Q9323848,Rudolfa,female,Rudolfa_female
Q18219770,Josefina,female,Josefina_female
Q63119408,Alica,female,Alica_female
Q18508906,Hervé,male,Hervé_male
Q18116955,Vanda,female,Vanda_female
Q17520955,Marco,male,Marco_male
Q250267,Nora,female,Nora_female
Q1074232,Ottilie,female,Ottilie_female
Q6170029,Jean-Yves,male,Jean-Yves_male
Q18603722,Marija,female,Marija_female
Q7996169,Gerhard,male,Gerhard_male
Q16550556,Doron,male,Doron_male
Q5305481,Драгослав,male,Драгослав_male
Q18609696,Jeff,male,Jeff_male
Q1158302,Mette,female,Mette_female
Q261113,Noel,male,Noel_male
Q18145860,Dietrich,male,Dietrich_male
Q1796474,Mechthild,female,Mechthild_female
Q632264,Olivia,female,Olivia_female
Q19688258,Andrej,male,Andrej_male
Q19869459,Yolande,female,Yolande_female
Q20219127,Antonie,unisex,Antonie_unisex
Q964064,Dobromiła,female,Dobromiła_female
Q35000543,Jaroslav,male,Jaroslav_male
Q18145823,Xaver,male,Xaver_male
Q6584302,Malcolm,male,Malcolm_male
Q2033083,Việt,,Việt_unisex
Q413930,Matyáš,male,Matyáš_male
Q18201672,Ema,female,Ema_female
Q16799105,Alberto,male,Alberto_male
Q21144112,Constantius,,Constantius_unisex
Q20054153,Vinko,male,Vinko_male
Q264002,Charlotte,female,Charlotte_female
Q1278816,Eberhard,male,Eberhard_male
Q12795685,Margerita,female,Margerita_female
Q913073,Fred,male,Fred_male
Q18626176,Janek,male,Janek_male
Q12795825,Marička,female,Marička_female
Q12796754,Minka,female,Minka_female
Q2625084,Vilém,male,Vilém_male
Q734578,Mary,female,Mary_female
Q12796240,Maša,female,Maša_female
Q17126213,Franciscus,male,Franciscus_male
Q909253,Dorothea,female,Dorothea_female
Q47538105,Galina,female,Galina_female
Q1317239,Tatiana,female,Tatiana_female
Q18201887,Emmy,female,Emmy_female
Q18916889,Ezechiel,male,Ezechiel_male
Q4925932,Franz,male,Franz_male
Q18202125,Lea,female,Lea_female
Q19731861,Grover,male,Grover_male
Q15731812,Ewa,female,Ewa_female
Q20024498,Ginette,female,Ginette_female
Q19888139,Tomás,male,Tomás_male
Q2300098,Jeanette,female,Jeanette_female
Q220546,Frank,male,Frank_male
Q43082565,Pavel,male,Pavel_male
Q18192711,Terézia,female,Terézia_female
Q10857387,Zbyněk,male,Zbyněk_male
Q10857427,Zbyšek,male,Zbyšek_male
Q19968677,Tona,female,Tona_female
Q3585338,Rose,unisex,Rose_unisex
Q2458828,Tuba,female,Tuba_female
Q9110539,Agáta,female,Agáta_female
Q12805957,Vlado,male,Vlado_male
Q18643466,Bonifác,male,Bonifác_male
Q463035,Douglas,male,Douglas_male
Q658962,Bonifatius,male,Bonifatius_male
Q7542454,Slávek,male,Slávek_male
Q1129226,Leontina,female,Leontina_female
Q692453,Lia,female,Lia_female
Q104695932,Světla,female,Světla_female
Q12795232,Luca,male,Luca_male
Q13403839,Rosina,female,Rosina_female
Q566893,Annie,female,Annie_female
Q17456902,Margarete,female,Margarete_female
Q16281226,Scot,male,Scot_male
Q21042811,Del,,Del_unisex
Q55984337,Ignát,male,Ignát_male
Q18324396,Silva,female,Silva_female
Q20087968,Gertruda,female,Gertruda_female
Q19893826,Agat,male,Agat_male
Q18001644,Christianus,male,Christianus_male
Q18226374,Leonhard,male,Leonhard_male
Q1456202,Fridolin,male,Fridolin_male
Q252934,Aegidius,male,Aegidius_male
Q3735207,Evangelista,male,Evangelista_male
Q541194,Emma,female,Emma_female
Q3489946,Drahomíra,female,Drahomíra_female
Q18193880,Mário,male,Mário_male
Q18526132,Adolph,male,Adolph_male
Q19688417,Fidelis,male,Fidelis_male
Q1922174,Mervyn,male,Mervyn_male
Q20087956,Nikodem,male,Nikodem_male
Q18196477,Lucrezia,female,Lucrezia_female
Q18002630,Patrik,male,Patrik_male
Q37080,Leon,male,Leon_male
Q4927100,Stephen,male,Stephen_male
Q599668,Erna,female,Erna_female
Q16290308,Isabella,female,Isabella_female
Q2067239,Vratislav,male,Vratislav_male
Q10861629,Zvonimír,male,Zvonimír_male
Q84082657,Vítězslava,female,Vítězslava_female
Q12755185,Metod,male,Metod_male
Q1450084,Jaroslava,female,Jaroslava_female
Q301657,Viola,female,Viola_female
Q23531863,Štěpánka,female,Štěpánka_female
Q897224,Květoslava,female,Květoslava_female
Q12370008,Mats,male,Mats_male
Q16422573,Moritz,male,Moritz_male
Q18180930,Hieronymus,male,Hieronymus_male
Q20521212,Vladko,male,Vladko_male
Q12015993,Otakar,male,Otakar_male
Q19967500,Emerich,male,Emerich_male
Q2650689,Aloysius,male,Aloysius_male
Q15725563,Julie,female,Julie_female
Q22102364,Emrich,male,Emrich_male
Q180312,Torben,male,Torben_male
Q855830,Romana,female,Romana_female
Q19818116,Sinan,male,Sinan_male
Q15620843,Михайло,male,Михайло_male
Q21646100,Rosanne,female,Rosanne_female
Q18343070,Karolína,female,Karolína_female
Q3443832,Aya,female,Aya_female
Q69379311,Yvona,female,Yvona_female
Q20523048,Radko,male,Radko_male
Q19802212,Evžen,male,Evžen_male
Q17189827,Beáta,female,Beáta_female
Q1814118,Karin,female,Karin_female
Q20000246,Christiana,female,Christiana_female
Q603701,Sára,female,Sára_female
Q19798827,Marcela,female,Marcela_female
Q3881452,Olaf,male,Olaf_male
Q10857852,Zdislav,male,Zdislav_male
Q4664745,عبد الفتاح,male,عبد الفتاح_male
Q100376283,Ľubomíra,female,Ľubomíra_female
Q4503424,Květa,female,Květa_female
Q14936925,Zuzana,female,Zuzana_female
Q18028491,Rudolf,male,Rudolf_male
Q6835978,Michał,male,Michał_male
Q20087917,Gustaw,male,Gustaw_male
Q3483397,Siegfried,male,Siegfried_male
Q347181,Adam,male,Adam_male
Q13415686,Jethro,male,Jethro_male
Q18092018,Luisa,female,Luisa_female
Q12786283,Boža,female,Boža_female
Q2793400,Peter,male,Peter_male
Q12803761,Svetislav,male,Svetislav_male
Q2800450,Senta,female,Senta_female
Q7908574,Vahagn,male,Vahagn_male
Q16747395,Jakob,male,Jakob_male
Q69379350,Yvonna,female,Yvonna_female
Q19828977,Αλέξανδρος,male,Αλέξανδρος_male
Q19967521,Iwan,male,Iwan_male
Q1458328,Danica,female,Danica_female
Q104640892,Radomír,male,Radomír_male
Q1120708,Marina,female,Marina_female
Q18011418,Ulrich,male,Ulrich_male
Q646616,Jarmila,female,Jarmila_female
Q1528582,Mara,female,Mara_female
Q63077985,Radslav,male,Radslav_male
Q4963443,Ludmila,female,Ludmila_female
Q17497882,Jozef,male,Jozef_male
Q18759077,Eleonora,female,Eleonora_female
Q595105,Ernest,male,Ernest_male
Q1129205,Leona,female,Leona_female
Q18038420,Simonetta,female,Simonetta_female
Q18122831,Klementina,female,Klementina_female
Q2087646,Christine,female,Christine_female
Q15238531,Antonín,male,Antonín_male
Q3561772,Radka,female,Radka_female
Q2452680,Lucian,male,Lucian_male
Q21069196,Berenika,female,Berenika_female
Q55216313,Záboj,male,Záboj_male
Q654581,Lena,female,Lena_female
Q14038597,Friedrich,male,Friedrich_male
Q16881799,Radoš,male,Radoš_male
Q1561187,Jovan,male,Jovan_male
Q20087926,Lucyna,female,Lucyna_female
Q3562460,Libuše,female,Libuše_female
Q1043457,Rosalie,female,Rosalie_female
Q61951423,Leopolda,female,Leopolda_female
Q1043303,Zora,female,Zora_female
Q6319579,Ján,male,Ján_male
Q374807,Adriana,female,Adriana_female
Q21061263,Sylva,female,Sylva_female
Q6699136,Ludvík,male,Ludvík_male
Q5004828,Bára,female,Bára_female
Q4961660,Bianca,female,Bianca_female
Q15921732,George,male,George_male
Q12806789,Zorka,female,Zorka_female
Q19858455,Lyn,unisex,Lyn_unisex
Q278835,Edward,male,Edward_male
Q8669387,Eusebius,male,Eusebius_male
Q14936686,Susanne,female,Susanne_female
Q20630238,Ferry,male,Ferry_male
Q10996884,Herta,female,Herta_female
Q917408,Norbert,male,Norbert_male
Q1689666,Jitka,female,Jitka_female
Q18220020,Ignatius,male,Ignatius_male
Q12793513,Kata,female,Kata_female
Q6733720,Mahendra,male,Mahendra_male
Q392807,Šárka,female,Šárka_female
Q1370330,Augusta,female,Augusta_female
Q639085,Deniz,unisex,Deniz_unisex
Q686532,Ivo,male,Ivo_male
Q42311473,Lane,unisex,Lane_unisex
Q2589157,Wolfgang,male,Wolfgang_male
Q18201530,Sofie,female,Sofie_female
Q68769334,Svatava,female,Svatava_female
Q16275183,Cecilie,female,Cecilie_female
Q787863,Babette,female,Babette_female
Q3565262,Radana,female,Radana_female
Q10673707,Sonny,male,Sonny_male
Q294833,Alan,male,Alan_male
Q1691276,Jodie,female,Jodie_female
Q28812647,Vilibald,male,Vilibald_male
Q2624417,René,male,René_male
Q25929516,Dezider,male,Dezider_male
Q14159020,Ludwig,male,Ludwig_male
Q385468,Elizabeth,female,Elizabeth_female
Q25929544,Celestýn,male,Celestýn_male
Q12792772,Joža,female,Joža_female
Q471788,Joseph,male,Joseph_male
Q22952605,元,male,元_male
Q22902177,Přemysl,male,Přemysl_male
Q655722,Ina,female,Ina_female
Q12793014,Jožka,female,Jožka_female
Q16782361,Filomena,female,Filomena_female
Q12793079,Julka,female,Julka_female
Q19830683,Gottlob,male,Gottlob_male
Q2143892,Renée,female,Renée_female
Q590893,Victoria,female,Victoria_female
Q1726539,Kamilla,female,Kamilla_female
Q16909101,Jindřich,male,Jindřich_male
Q351311,Juliane,female,Juliane_female
Q4965354,Zita,female,Zita_female
Q14379449,Pavla,female,Pavla_female
Q20002107,Даяна,female,Даяна_female
Q11784744,Mojmira,female,Mojmira_female
Q18001641,Kristián,male,Kristián_male
Q20020089,Kajetán,male,Kajetán_male
Q20859128,Barthold,male,Barthold_male
Q2616573,Allan,male,Allan_male
Q21281176,Vladimíra,female,Vladimíra_female
Q63035644,Carlos Manuel,male,Carlos Manuel_male
Q3502728,Ludomir,male,Ludomir_male
Q16275555,Don,male,Don_male
Q12019033,Hanuš,male,Hanuš_male
Q773845,Wendelin,male,Wendelin_male
Q20966029,Záviš,male,Záviš_male
Q577011,Albert,male,Albert_male
Q3513270,Juraj,male,Juraj_male
Q12796788,Mirka,female,Mirka_female
Q105857048,Slávka,female,Slávka_female
Q19968404,Timotheus,male,Timotheus_male
Q19968464,Yvo,male,Yvo_male
Q20220349,Любовь,female,Любовь_female
Q65981517,Petronila,female,Petronila_female
Q2648973,František,male,František_male
Q7604444,Statius,,Statius_unisex
Q16277309,Jara,female,Jara_female
Q15635230,Klaus,male,Klaus_male
Q4018995,Wendy,female,Wendy_female
Q60457358,Method,male,Method_male
Q23981239,Aloisie,female,Aloisie_female
Q26294103,Zafer,male,Zafer_male
Q63040273,Samiha,female,Samiha_female
Q1675491,Iva,unisex,Iva_unisex
Q60589518,Marie-Éva,female,Marie-Éva_female
Q20671769,Anselmus,male,Anselmus_male
Q16274715,Arsène,male,Arsène_male
Q1003466,Franziska,female,Franziska_female
Q21087197,Meritxell,female,Meritxell_female
Q19968007,Janko,male,Janko_male
Q18156180,Ralph,male,Ralph_male
Q1984564,Niall,male,Niall_male
Q19768234,Hilaire,male,Hilaire_male
Q1747696,Mia,female,Mia_female
Q18194789,Jutta,female,Jutta_female
Q786005,Wanda,female,Wanda_female
Q18060507,Patricie,female,Patricie_female
Q15501913,Nikola,unisex,Nikola_unisex
Q1249148,Richard,male,Richard_male
Q941049,Jacques,male,Jacques_male
Q11157896,Blahomil,male,Blahomil_male
Q11157914,Blahomír,male,Blahomír_male
Q3943046,Ryan,unisex,Ryan_unisex
Q3438276,Rodolfo,male,Rodolfo_male
Q55112635,Terezie,female,Terezie_female
Q55112678,Marie Tereza,female,Marie Tereza_female
Q17501703,Alexandru,male,Alexandru_male
Q1679656,Jakub,male,Jakub_male
Q55203177,Friedrich Wilhelm,male,Friedrich Wilhelm_male
Q15921890,Jacobus,male,Jacobus_male
Q12023559,Jarmil,male,Jarmil_male
Q265409,Libor,male,Libor_male
Q18978272,Anastasius,male,Anastasius_male
Q57274145,Bora,male,Bora_male
Q3887735,Owen,male,Owen_male
Q18655662,Franz Xaver,male,Franz Xaver_male
Q18638365,Anastázie,female,Anastázie_female
Q48778483,Alita,female,Alita_female
Q12900608,Juliana,female,Juliana_female
Q2117521,Johannes,male,Johannes_male
Q645757,Arne,male,Arne_male
Q16909366,Soňa,female,Soňa_female
Q16276555,Helmuth,male,Helmuth_male
Q4734282,Alojzy,male,Alojzy_male
Q2478120,Umberto,male,Umberto_male
Q4716154,Alenka,female,Alenka_female
Q16430022,Viktor,male,Viktor_male
Q28732407,Natálie,female,Natálie_female
Q1209486,Elena,female,Elena_female
Q769032,Augusto,male,Augusto_male
Q740790,Petra,female,Petra_female
Q49943366,Jarolím,male,Jarolím_male
Q44032480,Andělín,male,Andělín_male
Q1502356,Геннадий,male,Геннадий_male
Q1640276,Rosa,female,Rosa_female
Q1158477,Henry,male,Henry_male
Q4927979,Rodrigo,male,Rodrigo_male
Q19802209,Gene,male,Gene_male
Q168960,Zdeněk,male,Zdeněk_male
Q1465588,Udo,male,Udo_male
Q4293224,Mikuláš,male,Mikuláš_male
Q606764,Leo,male,Leo_male
Q1066712,Xavier,male,Xavier_male
Q2532287,Ronald,male,Ronald_male
Q4327105,Sonja,female,Sonja_female
Q65032886,Míla,,Míla_unisex
Q827835,Berthold,male,Berthold_male
Q2435866,Tino,male,Tino_male
Q18030918,Martine,female,Martine_female
Q816407,Ben,male,Ben_male
Q545486,Marian,male,Marian_male
Q19967739,Angelus,male,Angelus_male
Q18012404,Felicitas,female,Felicitas_female
Q18211002,Justina,female,Justina_female
Q12791702,Ivanka,female,Ivanka_female
Q7451984,Seppo,male,Seppo_male
Q16291791,Wilfried,male,Wilfried_male
Q21400635,Burkhart,male,Burkhart_male
Q15868243,Zena,female,Zena_female
Q21065961,Matouš,male,Matouš_male
Q15731830,Karl,male,Karl_male
Q1067071,Charlotta,female,Charlotta_female
Q4928254,Vincent,male,Vincent_male
Q1102114,Julius,male,Julius_male
Q2055870,Ludo,male,Ludo_male
Q6912445,Moriz,male,Moriz_male
Q17689481,Christoph,male,Christoph_male
Q3273004,Frederick,male,Frederick_male
Q55714136,Vüqar,male,Vüqar_male
Q55714136,Vugar,male,Vugar_male
Q11682369,Heinz,male,Heinz_male
Q255209,Mercedes,female,Mercedes_female
Q18091397,Reinhold,male,Reinhold_male
Q30034763,Taťána,female,Taťána_female
Q18087887,Rosemarie,female,Rosemarie_female
Q512920,Edina,female,Edina_female
Q3276175,Ferdinand,male,Ferdinand_male
Q18086526,Johann Baptist,male,Johann Baptist_male
Q18180972,Gertrud,female,Gertrud_female
Q65256895,Heda,female,Heda_female
Q12800701,Samo,male,Samo_male
Q4927756,Pravoslav,male,Pravoslav_male
Q18179743,Willi,male,Willi_male
Q15727905,Stephan,male,Stephan_male
Q645699,Oto,male,Oto_male
Q19799548,Hedvika,female,Hedvika_female
Q19799553,Hedviga,female,Hedviga_female
Q786478,Luboš,male,Luboš_male
Q1899742,Marja,female,Marja_female
Q20087949,Dagmara,female,Dagmara_female
Q20088060,Żaneta,female,Żaneta_female
Q7901326,Urszula,female,Urszula_female
Q3807899,Jenny,female,Jenny_female
Q24035963,Maria Theresia,female,Maria Theresia_female
Q942786,Chiara,female,Chiara_female
Q16274775,Celestin,male,Celestin_male
Q786894,Azár,male,Azár_male
Q20520966,Aleša,female,Aleša_female
Q18105736,Bob,male,Bob_male
Q20521204,Vladka,female,Vladka_female
Q18199901,Immanuel,male,Immanuel_male
Q11971424,Gabriela,female,Gabriela_female
Q931618,Koloman,male,Koloman_male
Q2268455,Francesco,male,Francesco_male
Q19818007,Miloš,male,Miloš_male
Q18192710,Tereza,female,Tereza_female
Q19818088,Jaromír,male,Jaromír_male
Q19818093,Radek,male,Radek_male
Q12033015,Leoš,male,Leoš_male
Q931986,Kasimir,male,Kasimir_male
Q60474233,Jaromil,male,Jaromil_male
Q31190619,Zdislava,female,Zdislava_female
Q49932964,Naděje,female,Naděje_female
Q4117588,Simon,male,Simon_male
Q21142178,Ferdinandus,male,Ferdinandus_male
Q15729581,Katy,female,Katy_female
Q1617357,Lucie,female,Lucie_female
Q1218555,Norman,male,Norman_male
Q60475099,Kašpar,male,Kašpar_male
Q60457873,Adriena,female,Adriena_female
Q18747960,Azat,male,Azat_male
Q20011778,Zikmund,male,Zikmund_male
Q20522921,Cilka,female,Cilka_female
Q564684,Anne,unisex,Anne_unisex
Q18091447,Annemarie,female,Annemarie_female
Q5114317,Chrudoš,male,Chrudoš_male
Q18343086,Alfonz,male,Alfonz_male
Q1272055,Tommy,male,Tommy_male
Q16280537,Peggy,female,Peggy_female
Q4927524,Michael,male,Michael_male
Q20523401,Nuška,female,Nuška_female
Q923005,Miroslava,female,Miroslava_female
Q42311104,Mat,,Mat_unisex
Q20523722,Žarka,female,Žarka_female
Q16424000,Rafael,male,Rafael_male
Q2235472,Ellen,female,Ellen_female
Q12748380,Anka,female,Anka_female
Q20524424,Staša,female,Staša_female
Q697234,Arnošt,male,Arnošt_male
Q18073645,Alžběta,female,Alžběta_female
Q12755338,Milana,female,Milana_female
Q19689439,Heide,female,Heide_female
Q15207702,Franciszek,male,Franciszek_male
Q936646,Tamara,female,Tamara_female
Q28038887,Jerguš,male,Jerguš_male
Q8575978,Luděk,male,Luděk_male
Q11171132,Čeněk,male,Čeněk_male
Q182861,Lila,female,Lila_female
Q49953125,Maxmilian,male,Maxmilian_male
Q91049778,Δημοσθένης,male,Δημοσθένης_male
Q1158906,Giovanni,male,Giovanni_male
Q4962685,Jadwiga,female,Jadwiga_female
Q18042461,Andrew,male,Andrew_male
Q2588339,Wojciech,male,Wojciech_male
Q15208802,Hynek,male,Hynek_male
Q20000570,Camillo,male,Camillo_male
Q19819814,Beverly,unisex,Beverly_unisex
Q11967041,Elen,female,Elen_female
Q2163153,Rolf,male,Rolf_male
Q26214577,Igor,male,Igor_male
Q11852704,Arno,male,Arno_male
Q19818095,Bohuslav,male,Bohuslav_male
Q19967551,Placidus,male,Placidus_male
Q346047,Ada,female,Ada_female
Q18381742,Mihnea,male,Mihnea_male
Q7857380,Tvrtko,male,Tvrtko_male
Q608738,Ava,female,Ava_female
Q19967816,Cihan,male,Cihan_male
Q5548460,Georgius,male,Georgius_male
Q19968045,Kassian,male,Kassian_male
Q11977502,Irena,female,Irena_female
Q615620,Raisa,female,Raisa_female
Q28053272,Auguste,female,Auguste_female
Q19729888,Mohamed,male,Mohamed_male
Q18014868,Ruth,female,Ruth_female
Q16597664,Rodney,male,Rodney_male
Q20010224,Otokar,male,Otokar_male
Q12805667,Viki,female,Viki_female
Q33037477,Nea,female,Nea_female
Q18066679,Sylvie,female,Sylvie_female
Q1479165,Milka,female,Milka_female
Q1559603,Dana,unisex,Dana_unisex
Q21142345,Rudolphus,male,Rudolphus_male
Q21146844,Gena,female,Gena_female
Q17523812,Jordi,male,Jordi_male
Q16516454,Melichar,male,Melichar_male
Q11879332,Venuše,female,Venuše_female
Q12023703,Jaromíra,female,Jaromíra_female
Q18175370,Brigitte,female,Brigitte_female
Q4111945,Vinzenz,male,Vinzenz_male
Q19826478,Raimund,male,Raimund_male
Q11915920,Vlastislav,male,Vlastislav_male
Q1827930,Liselotte,female,Liselotte_female
Q654850,Ariana,female,Ariana_female
Q1575808,Hanne,unisex,Hanne_unisex
Q18924871,Rainer,male,Rainer_male
Q5265749,Detlev,male,Detlev_male
Q18001597,Christian,male,Christian_male
Q831245,Ivana,female,Ivana_female
Q29001841,Rüdiger,male,Rüdiger_male
Q378867,Iris,female,Iris_female
Q11027623,Wilhelm,male,Wilhelm_male
Q7201446,Francisco,male,Francisco_male
Q12902246,Titus,male,Titus_male
Q3362622,Mario,male,Mario_male
Q20084189,Nada,female,Nada_female
Q29037654,מיכל,female,מיכל_female
Q12032129,Kyra,female,Kyra_female
Q746076,Gustav,male,Gustav_male
Q18114941,Jáchym,male,Jáchym_male
Q4961627,Běla,female,Běla_female
Q55006123,Володимир,male,Володимир_male
Q16430098,Karina,female,Karina_female
Q49942927,Emílie,female,Emílie_female
Q4961970,Doubravka,female,Doubravka_female
Q365967,Adolphus,male,Adolphus_male
Q153957,Barbara,female,Barbara_female
Q17522220,Josse,male,Josse_male
Q19828995,राहुल,male,राहुल_male
Q19828995,রাহূল,male,রাহূল_male
Q15303979,Franc,male,Franc_male
Q1428115,Alena,female,Alena_female
Q33092754,Grigorij,male,Grigorij_male
Q50233776,Brenton,male,Brenton_male
Q12747658,Jela,female,Jela_female
Q8568757,Osvald,male,Osvald_male
Q16746939,Gottfried,male,Gottfried_male
Q11247717,Luciana,female,Luciana_female
Q3595959,Howard,male,Howard_male
Q28750887,Veselina,female,Veselina_female
Q28750897,Ladislava,female,Ladislava_female
Q100835960,Sidónia,female,Sidónia_female
Q25114573,Robertson,male,Robertson_male
Q18086568,Nela,female,Nela_female
Q28751031,Duška,female,Duška_female
Q14649171,Bernard,male,Bernard_male
Q4927128,Stefan,male,Stefan_male
Q971710,Helene,female,Helene_female
Q15730712,Josef,male,Josef_male
Q21127455,Svatoslav,male,Svatoslav_male
Q4963089,Јелена,female,Јелена_female
Q808995,Barry,male,Barry_male
Q892113,Bonaventura,male,Bonaventura_male
Q4963344,Liběna,female,Liběna_female
Q61045525,Emila,female,Emila_female
Q989320,Emil,male,Emil_male
Q1627330,Honza,male,Honza_male
Q4963660,Mahulena,female,Mahulena_female
Q4963695,Miluše,female,Miluše_female
Q13566189,Jaro,male,Jaro_male
Q12344159,William,male,William_male
Q4964176,Otýlie,female,Otýlie_female
Q18028739,Rudolph,male,Rudolph_male
Q600552,Radomir,male,Radomir_male
Q15897150,Peer,male,Peer_male
Q1163454,Pilar,female,Pilar_female
Q18029644,Otto,male,Otto_male
Q2487038,Dan,male,Dan_male
Q29906090,María del Pilar,female,María del Pilar_female
Q207106,Zlata,female,Zlata_female
Q4964795,Vendula,female,Vendula_female
Q23736328,Gerta,female,Gerta_female
Q22343561,Šimon,male,Šimon_male
Q855839,Dalibor,male,Dalibor_male
Q19819805,Götz,male,Götz_male
Q2527460,Violeta,female,Violeta_female
Q1522689,Markku,male,Markku_male
Q7352154,Robertus,male,Robertus_male
Q19688255,Alexej,male,Alexej_male
Q2659032,Milica,female,Milica_female
Q19688451,Gustav-Adolf,male,Gustav-Adolf_male
Q19688484,Hansgeorg,male,Hansgeorg_male
Q20680353,Bohuslava,female,Bohuslava_female
Q19688499,Hans-Joachim,male,Hans-Joachim_male
Q15728988,Miklós,male,Miklós_male
Q12765750,Fedor,male,Fedor_male
Q20478216,Evženie,female,Evženie_female
Q2551723,Menno,male,Menno_male
Q9164249,بهرام,male,بهرام_male
Q19688674,Klaus-Peter,male,Klaus-Peter_male
Q19688685,Laurenz,male,Laurenz_male
Q19688773,Thaddäus,male,Thaddäus_male
Q20680782,Bronislava,female,Bronislava_female
Q1236883,Pius,male,Pius_male
Q19961126,Fulgentius,male,Fulgentius_male
Q482671,Ana,female,Ana_female
Q16423029,Nikolas,male,Nikolas_male
Q7092236,Ondřej,male,Ondřej_male
Q15905580,Roberto,male,Roberto_male
Q921013,Eike,unisex,Eike_unisex
Q5110924,Klotylda,female,Klotylda_female
Q3257134,Livia,female,Livia_female
Q95104804,Soběslav,male,Soběslav_male
Q28916416,Святослав,male,Святослав_male
Q18177305,Therese,female,Therese_female
Q12048619,Radmil,male,Radmil_male
Q12799828,Rajka,female,Rajka_female
Q18536346,İsa,male,İsa_male
Q18156186,Konrad,male,Konrad_male
Q9053129,Orlando,male,Orlando_male
Q1091889,Franjo,male,Franjo_male
Q58327386,Tobiáš,male,Tobiáš_male
Q1605531,Dirk,male,Dirk_male
Q1668739,Siegbert,male,Siegbert_male
Q533466,Ilse,female,Ilse_female
Q18002623,Patrick,male,Patrick_male
Q792453,Bella,female,Bella_female
Q2699418,German,male,German_male
Q71421673,Abdalla,male,Abdalla_male
Q61751217,Vlastimila,female,Vlastimila_female
Q786989,Edita,female,Edita_female
Q1010138,Géza,male,Géza_male
Q10686817,Sylvia,female,Sylvia_female
Q18177178,Claus,male,Claus_male
Q68996991,Yalçın,male,Yalçın_male
Q19816532,Sally,female,Sally_female
Q2582701,Miroslav,male,Miroslav_male
Q19826494,Vladislav,male,Vladislav_male
Q42771,Nicholas,male,Nicholas_male
Q1237676,Dominick,male,Dominick_male
Q19693378,Josepha,female,Josepha_female
Q16281695,Spencer,unisex,Spencer_unisex
Q6437670,Krista,female,Krista_female
Q9311556,Rodomił,male,Rodomił_male
Q15727189,Philippe,male,Philippe_male
Q66978294,Musa,male,Musa_male
Q14626626,Michel,male,Michel_male
Q1068231,Marcella,female,Marcella_female
Q19828532,Aloys,male,Aloys_male
Q17536409,Jerzy,male,Jerzy_male
Q20354469,Boleslav,male,Boleslav_male
Q2392320,Taner,male,Taner_male
Q1076652,Leopold,male,Leopold_male
Q21400636,Erdmann,male,Erdmann_male
Q594279,Henrik,male,Henrik_male
Q50378382,Вадим,male,Вадим_male
Q33083788,Viktorie,female,Viktorie_female
Q340348,Achim,male,Achim_male
Q998338,Filip,male,Filip_male
Q11764335,Lutobor,male,Lutobor_male
Q751549,Corinna,female,Corinna_female
Q13402305,Henrich,male,Henrich_male
Q1369663,Tim,male,Tim_male
Q18180401,Albrecht,male,Albrecht_male
Q19798802,Kristina,female,Kristina_female
Q18220463,Salvador,male,Salvador_male
Q50384962,Henrieta,female,Henrieta_female
Q853925,Beda,male,Beda_male
Q15886069,Tibor,male,Tibor_male
Q56025094,Seraphicus,male,Seraphicus_male
Q4926472,Benjamin,male,Benjamin_male
Q656698,Regina,female,Regina_female
Q60494460,أسد,male,أسد_male
Q60494460,Əsəd,male,Əsəd_male
Q84426986,Mieroslav,male,Mieroslav_male
Q18978390,Modest,male,Modest_male
Q18091484,Félicie,female,Félicie_female
Q18091492,Renáta,female,Renáta_female
Q1226597,Dino,male,Dino_male
Q65823271,Gilbertus,,Gilbertus_unisex
Q829665,Eva,female,Eva_female
Q662373,Fiona,female,Fiona_female
Q2529610,Carl,male,Carl_male
Q16282828,Yvon,male,Yvon_male
Q15285817,Caetano,male,Caetano_male
Q21143351,Johanes,,Johanes_unisex
Q60883416,Isa,female,Isa_female
Q17018071,Bunny,female,Bunny_female
Q12054693,Slavoj,male,Slavoj_male
Q56586114,Светла,female,Светла_female
Q19768452,Ota,male,Ota_male
Q55450242,Peter-Michael,male,Peter-Michael_male
Q2061957,Lee,unisex,Lee_unisex
Q14941830,Andrzej,male,Andrzej_male
Q19967622,Lya,female,Lya_female
Q15948226,Mnislav,male,Mnislav_male
Q2391854,Tamás,male,Tamás_male
Q18012526,Eugen,male,Eugen_male
Q55018657,Ľudovít,male,Ľudovít_male
Q11912146,Vladivoj,male,Vladivoj_male
Q67203619,Галина,female,Галина_female
Q2037285,Otta,unisex,Otta_unisex
Q1938638,Heidi,female,Heidi_female
Q18130902,Eduardus,male,Eduardus_male
Q19985955,Bořivoj,male,Bořivoj_male
Q656870,Alma,female,Alma_female
Q18182622,Sabine,female,Sabine_female
Q18190932,Oswald,male,Oswald_male
Q18184581,Maja,female,Maja_female
Q1778168,Arthur,male,Arthur_male
Q1370982,Etela,female,Etela_female
Q1710994,Judita,female,Judita_female
Q19817955,Ladislaus,male,Ladislaus_male
Q18760887,Milo,male,Milo_male
Q19691734,Šarlota,female,Šarlota_female
Q4926740,Emanuel,male,Emanuel_male
Q19997425,Gust,male,Gust_male
Q1467671,Zoltán,male,Zoltán_male
Q97931938,Άγγελος,male,Άγγελος_male
Q650689,Alice,female,Alice_female
Q5407300,Axel,male,Axel_male
Q1887958,Malvina,female,Malvina_female
Q19967620,Lore,female,Lore_female
Q520762,Ata,male,Ata_male
Q4273929,Madeleine,female,Madeleine_female
Q4092653,Berta,female,Berta_female
Q18978316,Diviš,male,Diviš_male
Q27628670,Ələddin,male,Ələddin_male
Q4120836,Johanna,female,Johanna_female
Q3490935,Milada,female,Milada_female
Q25413386,Maria,male,Maria_male
Q18325151,Laurence,male,Laurence_male
Q18609914,Waldemar,male,Waldemar_male
Q9302499,Radomira,female,Radomira_female
Q18002399,Martin,male,Martin_male
Q21146867,Gotlieb,male,Gotlieb_male
Q9302835,Rafaela,female,Rafaela_female
Q7141520,Antonio,male,Antonio_male
Q21142305,Aloisius,male,Aloisius_male
Q12042490,Oldřiška,female,Oldřiška_female
Q1076681,Milan,unisex,Milan_unisex
Q18510601,Vilma,female,Vilma_female
Q1065625,Bogdan,male,Bogdan_male
Q16427682,Hertha,female,Hertha_female
Q12798373,Patrizia,female,Patrizia_female
Q13537192,Barbora,female,Barbora_female
Q1064920,Melanie,female,Melanie_female
Q19413179,Мікіта,male,Мікіта_male
Q3094766,Doris,female,Doris_female
Q15897269,Piotr,male,Piotr_male
Q665407,Jana,female,Jana_female
Q18177321,Andrea,female,Andrea_female
Q15731850,Karel,male,Karel_male
Q41616149,Пламен,male,Пламен_male
Q21144062,Wenceslaus,male,Wenceslaus_male
Q19688614,Ilja,male,Ilja_male
Q1624466,Holger,male,Holger_male
Q1467019,Zelmira,female,Zelmira_female
Q12765085,Dáša,female,Dáša_female
Q21055025,Moustafa,male,Moustafa_male
Q11773746,Ctislav,male,Ctislav_male
Q13137230,Nick,male,Nick_male
Q440735,Elke,female,Elke_female
Q83859075,Johann Alexander,male,Johann Alexander_male
Q18021635,Kamila,female,Kamila_female
Q11774127,Dalimil,male,Dalimil_male
Q1365692,Katrin,female,Katrin_female
Q12784170,Aldin,male,Aldin_male
Q19802355,Cyrillus,male,Cyrillus_male
Q21146109,Guilielmus,male,Guilielmus_male
Q14437342,Mariana,female,Mariana_female
Q1446906,Karol,male,Karol_male
Q21722953,Àlex,male,Àlex_male
Q3480335,Alfred,male,Alfred_male
Q61044544,Dobroslava,female,Dobroslava_female
Q3541269,Stanley,male,Stanley_male
Q1534453,Gojko,male,Gojko_male
Q15728996,Nikolaus,male,Nikolaus_male
Q17525055,Izabela,female,Izabela_female
Q18352645,Antonie,male,Antonie_male
