abreviátor;Q176020
adiktolog;Q30096463
adiktoložka;Q30096463
advokát;Q40348
advokátka;Q40348
aforista;Q3606216
aforistka;Q3606216
afrikanista;Q15936497
agrobiolog;Q56677038
agrobioložka;Q56677038
agronom;Q1781198
agronomka;Q1781198
akademička;Q3400985
akademik;Q3400985
akarolog;Q19798999
akaroložka;Q19798999
akordeonista;Q1863064
akordeonistka;Q1863064
akrobat;Q11957145
akustička;Q61711955
akustik;Q61711955
algolog;Q12358881
algoložka;Q12358881
alchymista;Q15954519
amerikanista;Q16308157
amerikanistka;Q16308157
analytička;Q485178
analytik;Q485178
anatom;Q10872101
anatomka;Q10872101
anesteziolog;Q28837
anestezioložka;Q28837
angiochirurg;Q30115343
angiolog;Q30132173
angioložka;Q30132173
anglista;Q16308156
anglistka;Q16308156
animátor;Q266569
animátorka;Q266569
antikvář;Q5697103
antropolog;Q4773904
antropoložka;Q4773904
apidolog;Q19834743
apidoložka;Q19834743
apokrisiář;Q618870
arabista;Q620573
arabistka;Q620573
arachnolog;Q17344952
arachnoložka;Q17344952
arborista;Q776268
arboristka;Q776268
arcijáhen;Q633730
archeolog;Q3621491
archeoložka;Q3621491
archimandrita;Q213159
architekt;Q42973
architektka;Q42973
archivář;Q635734
archivářka;Q635734
armenolog;Q21280575
armenoložka;Q21280575
aromacholog;Q4795498
aromacholožka;Q4795498
aromaterapeut;Q27862253
astrobiolog;Q3061999
astrofyzička;Q752129
astrofyzik;Q752129
astrolog;Q155647
astroložka;Q155647
astronom;Q11063
astronomka;Q11063
asyriolog;Q19361459
automechanička;Q706835
automechanik;Q706835
badatel;Q1650915
badatelka;Q1650915
badmintonista;Q13141064
badmintonistka;Q13141064
bajkář;Q3064032
bakteriolog;Q15816836
bakterioložka;Q15816836
baletka;Q805221
balonář;Q728425
balonářka;Q728425
bankéř;Q806798
bankéřka;Q806798
baráčník;Q523213
basista;Q584301
basistka;Q584301
basketbalista;Q3665646
basketbalistka;Q3665646
baskytarista;Q12360214
baskytaristka;Q12360214
básník;Q49757
básnířka;Q49757
betlemář;Q59823990
betlemářka;Q59823990
biatlonista;Q16029547
biatlonistka;Q16029547
bibliograf;Q10429346
bibliografka;Q10429346
biofyzička;Q14906342
biofyzik;Q14906342
biogeochemik;Q18176481
biochemička;Q2919046
biochemik;Q2919046
bioinformatička;Q2904006
bioinformatik;Q2904006
bioinženýr;Q26848923
bioinženýrka;Q26848923
biolog;Q864503
bioložka;Q864503
biostatistik;Q52899051
biotechnolog;Q864835
biotechnoložka;Q864835
biskup;Q29182
bloger;Q8246794
blogerka;Q8246794
bobista;Q13383011
bobistka;Q13383011
bohemista;Q71049101
bohemistka;Q71049101
bookmaker;Q664702
botanička;Q2374149
botanik;Q2374149
boxer;Q11338576
boxerka;Q11338576
bryolog;Q16334507
bryoložka;Q16334507
bubenice;Q386854
bubeník;Q386854
byzantolog;Q26132815
byzantoložka;Q26132815
cembalista;Q5371902
cembalistka;Q5371902
ceremoniář;Q191578
cestopiskyně;Q3579035
cimbálista;Q22078111
cnidariolog;Q5137366
copywriter;Q14466416
cukrář;Q2992505
cukrářka;Q2992505
cukrářství;Q18646422
curler;Q17516936
cvočkařství;Q1750079
cyklista;Q2309784
cyklistka;Q2309784
cyklokrosař;Q15117415
cyklokrosařka;Q15117415
cytogenetička;Q71049338
cytogenetik;Q71049338
činovník;Q90238261
číšník;Q157195
dabér;Q11481802
dabérka;Q11481802
daguerrotypista;Q23011096
dekorátor;Q22811707
dekorátorka;Q22811707
delegát;Q994779
dělostřelec;Q4070283
demograf;Q12360779
demografka;Q12360779
démonolog;Q48558140
démonoložka;Q48558140
dendrolog;Q42296463
dentistka;Q27349
dermatolog;Q2447386
dermatoložka;Q2447386
dermatovenerolog;Q25543366
dermatoveneroložka;Q25543366
designér;Q5322166
designérka;Q5322166
diabetolog;Q20756907
diabetoložka;Q20756907
dialektolog;Q16880249
dialektoložka;Q16880249
diplomat;Q193391
diplomatička;Q47520669
diplomatik;Q47520669
diplomatka;Q193391
dirigent;Q158852
dirigentka;Q158852
diskžokej;Q130857
diskžokejka;Q130857
dispečer;Q570755
dokumentarista;Q11814411
dokumentaristka;Q11814411
dokumentátor;Q1235152
dokumentátorka;Q1235152
dominikán;Q63253698
dopisovatel;Q1155838
dopisovatelka;Q1155838
dopravce;Q561457
doxograf;Q16889429
dráhař;Q15117395
dráhařka;Q15117395
dramaturg;Q487596
dramaturgyně;Q487596
dráteník;Q338221
dražebník;Q2743689
dřevorubec;Q1124183
dřevorubkyně;Q1124183
dřevorytec;Q1437754
důstojnice;Q189290
důstojník;Q189290
ebenista;Q559597
egyptolog;Q1350189
egyptoložka;Q1350189
ekolog;Q15839134
ekoložka;Q15839134
ekonom;Q188094
ekonomka;Q188094
elektrikář;Q165029
elektrikářka;Q165029
elektrochemik;Q71126987
elektroinženýr;Q1326886
elektroinženýrka;Q1326886
elektronička;Q1326820
elektrooptička;Q71133935
elektrooptik;Q71133935
embryolog;Q16271428
encyklopedista;Q16314501
encyklopedistka;Q16314501
endokrinolog;Q4531850
endokrinoložka;Q4531850
entomolog;Q3055126
entomoložka;Q3055126
epidemiolog;Q13416803
epidemioložka;Q13416803
epigrafička;Q15632632
epigrafik;Q15632632
epigramatička;Q26237228
epigramatik;Q26237228
epileptolog;Q3432666
epileptoložka;Q3432666
epistemolog;Q15632482
ergonom;Q11697052
ergonomka;Q11697052
esejista;Q11774202
esejistka;Q11774202
esoterička;Q16004492
esoterik;Q16004492
esperantolog;Q56810907
esperantoložka;Q56810907
estetička;Q21550346
estetik;Q21550346
etnobotanička;Q32518759
etnobotanik;Q32518759
etnograf;Q12347522
etnografka;Q12347522
etnolog;Q1371378
etnoložka;Q1371378
etnomuzikolog;Q17484288
etnomuzikoložka;Q17484288
etolog;Q16831721
etoložka;Q16831721
etymolog;Q16312408
evangelista;Q1381391
existencialista;Q16897774
fagotista;Q12310971
fagotistka;Q12310971
farář;Q955464
farářka;Q955464
farmaceut;Q105186
farmaceutka;Q105186
farmakolog;Q2114605
farmakoložka;Q2114605
fashionista;Q5436793
fenomenolog;Q28045801
fenomenoložka;Q28045801
filmař;Q1414443
filmařka;Q1414443
filolog;Q13418253
filoložka;Q13418253
filozof;Q4964182
filozofka;Q4964182
finančnice;Q1979607
finančník;Q1979607
flétnista;Q12902372
flétnistka;Q12902372
florbalista;Q23868946
florbalistka;Q23868946
folklorista;Q3075052
folkloristka;Q3075052
foniatr;Q71127234
foniatrička;Q71127234
fonolog;Q46163584
fonoložka;Q46163584
fotbalista;Q937857
fotbalistka;Q937857
fotograf;Q33231
fotografka;Q33231
fotolaborantka;Q1439653
fotomodel;Q3357567
fotomodelka;Q3357567
fotoreportér;Q957729
fotoreportérka;Q957729
fotožurnalistka;Q957729
funkcionář;Q1328323
funkcionářka;Q1328323
futurolog;Q846430
fylogenetička;Q23840151
fylogenetik;Q23840151
fylogeograf;Q71050302
fylogeografka;Q71050302
fytopatolog;Q3746192
fytopatoložka;Q3746192
fyzička;Q169470
fyzik;Q169470
fyziolog;Q2055046
fyzioložka;Q2055046
fyzioterapeut;Q694748
fyzioterapeutka;Q694748
galerista;Q20771242
galeristka;Q20771242
gambista;Q19760296
gambistka;Q19760296
gastroenterolog;Q19280221
gastroenteroložka;Q19280221
gastronomie;Q171141
genealog;Q8963721
genealožka;Q8963721
genetička;Q3126128
genetik;Q3126128
geobiolog;Q23823874
geobioložka;Q23823874
geobotanička;Q19961388
geobotanik;Q19961388
geofyzička;Q12094958
geofyzik;Q12094958
geograf;Q901402
geografka;Q901402
geochemička;Q16335312
geochemik;Q16335312
geoinformatička;Q71050729
geoinformatik;Q71050729
geolog;Q520549
geoložka;Q520549
geomorfolog;Q38053159
geopolitička;Q16947320
geopolitik;Q16947320
germanista;Q2599593
germanistka;Q2599593
gerontolog;Q20107384
gerontoložka;Q20107384
glaciolog;Q15623737
glacioložka;Q15623737
glyptik;Q17319698
golfista;Q11303721
golfistka;Q11303721
grafička;Q1925963
grafik;Q1925963
gramatik;Q15991187
granátník;Q313303
guvernantka;Q1540278
gymnasta;Q16947675
gymnastka;Q16947675
gynekolog;Q2640827
gynekoložka;Q2640827
hagiograf;Q17166634
hagiografka;Q17166634
harcovník;Q1481555
harfeník;Q3127709
harfistka;Q3127709
hasič;Q107711
hasička;Q107711
házenkář;Q12840545
házenkářka;Q12840545
hebraista;Q4988856
hebraistka;Q4988856
hematolog;Q3144914
hematoložka;Q3144914
hepatolog;Q30112358
hepatoložka;Q30112358
heraldička;Q516463
heraldik;Q516463
herec;Q33999
herečka;Q33999
hermetička;Q60286963
hermetik;Q60286963
herold;Q696819
herpetolog;Q16271064
herpetoložka;Q16271064
hispanista;Q2505739
hispanistka;Q2505739
histolog;Q2552072
histoložka;Q2552072
histopatolog;Q71050974
histopatoložka;Q71050974
historička;Q201788
historik;Q201788
hlasatel;Q1371925
hlasatelka;Q1371925
hobojista;Q16003954
hobojistka;Q16003954
hokejista;Q11774891
hokejistka;Q11774891
homeopat;Q12020057
hornista;Q19729565
hornistka;Q19729565
hoteliér;Q1631120
houslař;Q762707
houslista;Q1259917
houslistka;Q1259917
hrobník;Q537575
hudebnice;Q639669
hudebník;Q639669
humorista;Q12406482
humoristka;Q12406482
hungarista;Q49197733
hungaristka;Q49197733
hydrobiolog;Q16003980
hydrobioložka;Q16003980
hydrogeolog;Q35380338
hydrogeoložka;Q35380338
hydrograf;Q10295465
hydrografka;Q10295465
hydrolog;Q3644587
hydroložka;Q3644587
hygienička;Q651566
hygienik;Q651566
chemička;Q593644
chemigraf;Q18243284
chemik;Q593644
chirurg;Q774306
chiruržka;Q774306
choreograf;Q2490358
choreografka;Q2490358
ichtyolog;Q4205432
ichtyoložka;Q4205432
ikonopisec;Q4199058
iluminátor;Q998628
iluminátorka;Q998628
ilustrátor;Q644687
ilustrátorka;Q644687
iluzionista;Q1658894
imitátor;Q1148872
impresário;Q943995
imunolog;Q12119633
imunoložka;Q12119633
indoevropeista;Q16267985
indolog;Q18524037
indoložka;Q18524037
infektolog;Q11494960
infektoložka;Q11494960
influencer;Q2906862
influencerka;Q2906862
informatička;Q82594
informatik;Q82594
informator;Q3106887
inkvizitor;Q1664338
inovátor;Q3492227
inspector;Q27214348
inspektorka;Q27214348
instalatér;Q252924
instalatérka;Q252924
instrumentalista;Q1278335
instrumentalistka;Q1278335
intelektuál;Q58968
intelektuálka;Q58968
intendant;Q6491450
intendantka;Q6491450
interlingvista;Q15976715
internista;Q15924224
internistka;Q15924224
iránista;Q16832248
islamolog;Q3155377
islamoložka;Q3155377
jáhen;Q161944
jachtař;Q476246
jachtařka;Q476246
japanning;Q17146917
japanolog;Q15991218
japanoložka;Q15991218
jazykovědec;Q14467526
jazykovědkyně;Q14467526
jerodiákon;Q7198392
jeromonach;Q1288557
jeřábnice;Q2561741
jeřábník;Q2561741
jezdec;Q2730732
jezdkyně;Q2730732
jezuita;Q63173086
jirchář;Q1326835
jódler;Q21234378
jódlerka;Q21234378
judaista;Q5121550
judaistka;Q5121550
judista;Q6665249
kabaretiér;Q15214752
kabaretiérka;Q15214752
kadeřnice;Q55187
kadeřník;Q55187
kaligraf;Q3303330
kaligrafka;Q3303330
kamelot;Q21015872
kamenice;Q328325
kameník;Q328325
kameraman;Q222344
kameramanka;Q222344
kamnář;Q94072237
kamnářka;Q94072237
kanoista;Q13382566
kanoistka;Q13382566
kanonista;Q12027957
kanovník;Q1104153
kapelnice;Q806349
kapelník;Q806349
kapo;Q702997
karatista;Q9017214
karatistka;Q9017214
karcinolog;Q16868721
karcinoložka;Q16868721
kardinál;Q45722
kardiochirurg;Q19842026
kardiolog;Q3264451
kardioložka;Q3264451
karikaturista;Q3658608
karikaturistka;Q3658608
karsolog;Q71051608
karsoložka;Q71051608
kartograf;Q1734662
kartografka;Q1734662
kaskadér;Q465501
kaskadérka;Q465501
kastelán;Q54086385
kastelánka;Q54086385
kastelolog;Q26224000
kasteloložka;Q26224000
katalogizátor;Q33109310
kazatel;Q432386
kazatel;Q152002
kazatelka;Q432386
keramička;Q7541856
kickboxer;Q11296761
kinantropolog;Q71051767
kinantropoložka;Q71051767
kineziolog;Q16521237
kinezioložka;Q16521237
kladivář;Q13856320
kladivářka;Q13856320
klarinetista;Q118865
klarinetistka;Q118865
klávesista;Q1075651
klávesistka;Q1075651
klavírista;Q486748
klavíristka;Q486748
klempířka;Q852718
klenotnice;Q336221
klenotník;Q336221
klimatolog;Q1113838
klimatoložka;Q1113838
knihař;Q1413170
knihkupec;Q998550
knihkupkyně;Q998550
knihovnice;Q182436
knihovník;Q182436
kolážista;Q22343478
kolážistka;Q22343478
kolorista;Q1111648
koloristka;Q1111648
komentátor;Q1642960
komentátorka;Q1642960
komička;Q245068
komik;Q245068
kominice;Q506126
kominík;Q506126
komorník;Q264323
komparz;Q658371
kompilátor;Q29514511
komunard;Q1780490
kondotiér;Q273108
kondotiérka;Q273108
konferenciér;Q736415
konstábl;Q165654
konstruktér;Q1779650
konstruktérka;Q1779650
kontrabasista;Q1214796
kontrabasistka;Q1214796
konvářství;Q63607702
konzervátorka;Q446966
konzultant;Q15978655
konzultantka;Q15978655
koreanista;Q19829994
koreanistka;Q19829994
korektor;Q356139
korektorka;Q356139
korepetitor;Q1784753
korepetitorka;Q1784753
korfbalista;Q23754399
kormidelník;Q2309900
koroner;Q1134614
korzár;Q201559
kosmetička;Q2752318
kosmolog;Q2998308
kosmonaut;Q11631
kosmonautka;Q11631
kostelník;Q1365552
košíkář;Q976015
kotlář;Q520895
koučování;Q1104185
koulař;Q18534714
koulařka;Q18534714
kovář;Q1639825
kovářka;Q1639825
kovboj;Q178521
kovolijec;Q19435686
kovotepec;Q838566
kovotepkyně;Q838566
koželuh;Q365461
krajinář;Q21600439
krajinářka;Q21600439
krajkář;Q3023339
krajkářka;Q3023339
krasobruslař;Q13219587
krasobruslařka;Q13219587
krejčí;Q242468
krejčová;Q242468
kreslič;Q683754
kreslička;Q683754
kriminolog;Q8142883
kriminoložka;Q8142883
kritička;Q6430706
kritik;Q6430706
kronikář;Q3330547
kronikářka;Q3330547
krupiér;Q219184
krupiérka;Q219184
kryptoanalytik;Q1647775
kryptograf;Q15442776
kryptografka;Q15442776
kryptolog;Q16390131
kryptoložka;Q16390131
krystalograf;Q15142825
krystalografka;Q15142825
kulturista;Q15982795
kulturistka;Q15982795
kulturolog;Q15462162
kulturoložka;Q15462162
kunsthistorik;Q1792450
kurátor;Q780596
kurátorka;Q780596
kybernetička;Q5197818
kybernetik;Q5197818
kynolog;Q18511915
kynoložka;Q18511915
kyrysník;Q44865
kytarista;Q855091
kytaristka;Q855091
laborant;Q1483433
latinista;Q17598791
latinistka;Q17598791
léčitel;Q2518689
léčitelka;Q2518689
lékárník;Q4379628
lékař;Q39631
lékařka;Q39631
lektor;Q24708213
lektorka;Q9379869
lepidopterolog;Q497294
lepidopteroložka;Q497294
lesník;Q1895303
lexikograf;Q14972848
lexikografka;Q14972848
lexikolog;Q16314361
libretista;Q8178443
libretistka;Q8178443
lichenolog;Q15924544
lichenoložka;Q15924544
limnolog;Q17269204
limnoložka;Q17269204
literát;Q6673651
litograf;Q16947657
litografka;Q16947657
liturgista;Q10567966
liturgistka;Q10567966
lobbista;Q11986654
lobbistka;Q11986654
lodivod;Q475604
lodník;Q2891167
logička;Q14565331
logik;Q14565331
logistik;Q12033805
logograf;Q1133078
logoped;Q11762416
loutkář;Q2217284
loutkářka;Q2217284
loutkoherec;Q2629392
loutkoherečka;Q2629392
loutnista;Q21166956
loutnistka;Q21166956
lukostřelec;Q13382355
lukostřelkyně;Q13382355
lyžař;Q4270517
lyžařka;Q4270517
magistrát;Q4594605
mahásiddha;Q1993633
makléř;Q160117
makléřka;Q160117
malakolog;Q16271261
malakoložka;Q16271261
malariolog;Q17156912
malíř;Q1028181
malířka;Q1028181
mammalog;Q16831394
mammaloložka;Q16831394
manažer;Q2462658
manažerka;Q2462658
mandolinista;Q19723482
mandolinistka;Q19723482
marketér;Q1900657
matematička;Q170790
matematik;Q170790
mayolog;Q2109655
mayoložka;Q2109655
medailér;Q1708232
medailérka;Q1708232
medička;Q3486937
medievalista;Q3332711
medievalistka;Q3332711
medik;Q3486937
mědirytec;Q13365770
mechanička;Q327029
metalurg;Q18576582
metalurgyně;Q18576582
meteorolog;Q2310145
meteoroložka;Q2310145
metrolog;Q6824851
mikrobiolog;Q3779582
mikrobioložka;Q3779582
mikroskopička;Q71102034
mikroskopik;Q71102034
mincmistr;Q1463475
mineralog;Q13416354
mineraložka;Q13416354
misionář;Q219477
misionářka;Q219477
mluvčí;Q17221
modelka;Q4610556
moderátor;Q13590141
moderátorka;Q13590141
mongolista;Q19829967
mongolistka;Q19829967
mořeplavec;Q12038843
mořeplavkyně;Q12038843
mozaikář;Q282718
mozaikářka;Q282718
multiinstrumentalista;Q1327329
multiinstrumentalistka;Q1327329
mušketýr;Q721960
muzejník;Q10333969
muzeolog;Q10333969
muzeoložka;Q10333969
muzikantka;Q639669
muzikolog;Q14915627
muzikoložka;Q14915627
mykénolog;Q26425137
mykénoložka;Q26425137
mykolog;Q2487799
mykoložka;Q2487799
myriapodolog;Q27924982
myrmekolog;Q20650437
myrmekoložka;Q20650437
mytolog;Q16724455
mytoložka;Q16724455
nakladatel;Q2516866
nakladatelka;Q2516866
námořnice;Q45199
námořník;Q45199
nanotechnolog;Q63343073
nanotechnoložka;Q63343073
natlačovač;Q1756083
naturopat;Q42673468
navrhovatel;Q14623005
navrhovatelka;Q14623005
nefrolog;Q20739489
nefroložka;Q20739489
nematolog;Q21491495
nematoložka;Q21491495
neonatolog;Q28569455
neonatoložka;Q28569455
neurobiolog;Q20739288
neurobioložka;Q20739288
neurofyziolog;Q23719406
neurofyzioložka;Q23719406
neurochirurg;Q9385011
neurolog;Q783906
neuroložka;Q783906
neuropatolog;Q15839237
neurovědec;Q6337803
neurovědkyně;Q6337803
notář;Q189010
notářka;Q189010
novinář;Q1930187
novinářka;Q1930187
numerolog;Q79136455
numeroložka;Q79136455
numismatička;Q2004963
numismatik;Q2004963
nummularius;Q2005008
obezitolog;Q71102648
obezitoložka;Q71102648
obhájce;Q512345
obhájkyně;Q512345
obuvnice;Q152355
obuvník;Q152355
oceánograf;Q3546255
oceánografka;Q3546255
odstřelovač;Q201948
odstřelovačka;Q201948
oftalmolog;Q12013238
oftalmoložka;Q12013238
ombudsman;Q169180
onkolog;Q16062369
onkoložka;Q16062369
optička;Q71133019
organizátor;Q1419997
organizátorka;Q1419997
orientalista;Q1731155
orientalistka;Q1731155
ornitolog;Q1225716
ornitoložka;Q1225716
ortoped;Q71134636
ortopedka;Q71134636
otorhinolaryngolog;Q2854916
paleoantropolog;Q21272406
paleoantropoložka;Q21272406
paleobotanička;Q30059961
paleobotanik;Q30059961
paleoekolog;Q63865107
paleoekoložka;Q63865107
paleogeograf;Q51048024
paleograf;Q17132038
paleoichthyolog;Q27808149
paleoichthyoložka;Q27808149
paleontolog;Q1662561
paleontoložka;Q1662561
pamfletista;Q16254673
pamfletistka;Q16254673
paparazzi;Q156624
paraprofesionál;Q7135767
parapsycholog;Q3363630
parašutista;Q6060450
parašutistka;Q6060450
parazitolog;Q12773412
parazitoložka;Q12773412
parkourista;Q2568073
parodik;Q12331010
pasekář;Q61357045
pastevec;Q12059906
patobiochemička;Q71103068
patobiochemik;Q71103068
patofyziolog;Q71135051
patofyzioložka;Q71135051
patolog;Q3368718
patoložka;Q3368718
pavědkyně;Q22082749
páže;Q855855
pedagog;Q1231865
pedagožka;Q1231865
pediatr;Q1919436
pediatrička;Q1919436
pedolog;Q28378128
pedoložka;Q28378128
penitenciář;Q3899085
performer;Q10774753
perinatolog;Q66041138
perkusionista;Q4351403
perkusionistka;Q4351403
personalistika;Q1056396
petrolog;Q19356817
petroložka;Q19356817
pikenýr;Q1778520
pilot;Q2095549
pilotka;Q2095549
písmolijec;Q2249955
písničkář;Q488205
písničkářka;Q488205
pivovarník;Q836904
plachtář;Q549237
pneumolog;Q24017632
pneumoložka;Q24017632
poddůstojník;Q158950
podjáhen;Q1056310
podkovář;Q694579
podkovářka;Q694579
podnikatel;Q131524
podnikatelka;Q131524
pohádkář;Q4421425
pohodný;Q307732
pokladnice;Q1735282
pokojská;Q833860
pokrývač;Q552378
pokrývačka;Q552378
policista;Q384593
policistka;Q384593
pólista;Q13218361
politička;Q82955
politik;Q82955
politolog;Q1238570
politoložka;Q1238570
polonista;Q20179720
polyglot;Q323081
polygraf;Q2330979
pomolog;Q28319434
ponocný;Q7973168
ponorkář;Q3492027
ponorkářka;Q3492027
porodník;Q13638192
poslanec;Q1055894
poslankyně;Q1055894
posunovač;Q2130943
poštmistr;Q1416611
povídkář;Q15949613
povídkářka;Q15949613
pozlacovač;Q281795
pozounista;Q544972
pozounistka;Q544972
právnička;Q185351
právník;Q185351
preceptor;Q499143
prehistorička;Q17488316
prehistorik;Q17488316
prelát;Q725440
presbyter;Q59459402
primas;Q326330
primatolog;Q16825962
primatoložka;Q16825962
probošt;Q756215
prodavač;Q685433
prodavačka;Q685433
producent;Q13235160
producentka;Q13235160
produkční;Q2548714
profesor;Q121594
profesorka;Q121594
prognostik;Q12047093
programátor;Q5482740
programátorka;Q5482740
projektant;Q14623005
projektantka;Q14623005
proktolog;Q27334449
proktoložka;Q27334449
prokurátor;Q7247537
prokurátor;Q7257955
promotér;Q2378505
prorektor;Q2113250
prostitut;Q14915751
prostitutka;Q14915751
protetik;Q2031939
protojerej;Q1266260
protonotář;Q1177007
prozaička;Q12144794
prozaik;Q12144794
průmyslnice;Q6606110
průmyslník;Q6606110
průmyslník;Q6606110
průvodce;Q1039099
průvodčí;Q228422
přednášející;Q1569495
předseda;Q140686
předsedkyně;Q140686
překážkář;Q13724897
překážkářka;Q13724897
překladatel;Q333634
překladatelka;Q333634
přírodovědec;Q18805
přírodovědkyně;Q18805
pseudovědec;Q22082749
pseudovědkyně;Q22082749
psovod;Q1637410
psychiatr;Q211346
psychiatrička;Q211346
psychoanalytička;Q3410028
psychoanalytik;Q3410028
psycholog;Q212980
psycholožka;Q212980
psychopatolog;Q71114279
psychopatoložka;Q71114279
psychoterapeut;Q1900167
psychoterapeutka;Q1900167
pteridolog;Q16334509
pteridoložka;Q16334509
publicista;Q6051619
publicistka;Q6051619
punčochář;Q52316029
purkmistr;Q177529
radiobiolog;Q21202260
radiobioložka;Q21202260
radiolog;Q18245236
radioložka;Q18245236
radioterapeut;Q2046313
radioterapeutka;Q2046313
radista;Q1318390
radistka;Q1318390
ranhojič;Q781850
rancher;Q1524582
rapper;Q2252262
rapperka;Q2252262
recenzent;Q10650082
recenzentka;Q10650082
redaktor;Q876864
redaktorka;Q876864
regentka;Q477406
rekreolog;Q67996984
rekreoložka;Q67996984
religionista;Q19829980
religionistka;Q19829990
reolog;Q71124627
reoložka;Q71124627
repetent;Q2144983
reportér;Q42909
reportérka;Q42909
restauratér;Q3427922
restauratérka;Q3427922
restaurátor;Q2145981
restaurátorka;Q2145981
retailer;Q12049274
revmatolog;Q5997943
revmatoložka;Q5997943
režisér;Q3455803
režisérka;Q3455803
romanista;Q2504617
romanistka;Q2504617
romanopisec;Q6625963
romanopiskyně;Q6625963
rozhodčí;Q202648
rubrikátor;Q15881498
rusista;Q60098894
rusistka;Q60098894
rytkyně;Q329439
řeholnice;Q2566598
řeholník;Q2566598
řemeslnice;Q1294787
řemeslník;Q1294787
řezbář;Q6138343
řezbářka;Q6138343
řidička;Q216541
salonierka;Q3068305
saloniérka;Q3068305
sambista;Q23927336
sambistka;Q23927336
sanitář;Q1497094
sáňkař;Q13382981
sáňkařka;Q13382981
sapér;Q1324245
saxofonista;Q12800682
saxofonistka;Q12800682
sazeč;Q4108101
sazečka;Q4108101
sbormistr;Q1076502
sbormistryně;Q1076502
scenárista;Q28389
scenáristka;Q28389
scénograf;Q2707485
scénografka;Q2707485
sdruženář;Q13382605
sdruženářka;Q13382605
sedlář;Q1760988
sedmibojař;Q21141393
sedmibojařka;Q21141393
seismolog;Q12051314
seismoložka;Q12051314
sekretář;Q80687
sekretářka;Q80687
sekuriťák;Q856887
selenograf;Q17276298
sémiotička;Q16402907
sémiotik;Q16402907
sexuolog;Q2920595
sexuoložka;Q2920595
showrunner;Q1440873
signalista;Q1455706
sinolog;Q15255771
sinoložka;Q15255771
sítařství;Q9337285
skandinavista;Q26700841
skandinavistka;Q26700841
skateboardista;Q17502714
skateboardistka;Q17502714
skeletonista;Q13388442
skladnice;Q1391362
skladník;Q1391362
sklenář;Q664283
skript;Q1263187
skřipkař;Q3560496
slavista;Q15976341
slavistka;Q15976341
sloupkař;Q1086863
sloupkařka;Q1086863
slovenista;Q60538989
slovenistka;Q60538989
sociobiolog;Q19356916
sociolingvista;Q15976717
sociolingvistka;Q15976717
sociolog;Q2306091
socioložka;Q2306091
softballista;Q13388586
softballistka;Q13388586
sochař;Q1281618
sochařka;Q1281618
sommelier;Q191493
soprán;Q30903
soudce;Q16533
soudkyně;Q16533
speleolog;Q16742175
speleoložka;Q16742175
spirituál;Q45684
spisovatel;Q36180
spisovatelka;Q36180
sprinter;Q4009406
sprinterka;Q4009406
statička;Q2305987
statik;Q2305987
statistička;Q2732142
statistik;Q2732142
stenograf;Q18810149
stenografka;Q18810149
stevard;Q95613235
stomatolog;Q16061291
stomatoložka;Q16061291
strojvedoucí;Q2775569
střihač;Q7042855
střihačka;Q7042855
studnař;Q992778
suflér;Q1126281
supermodelka;Q865851
šachista;Q10873124
šachistka;Q10873124
šansoniér;Q13391399
šansoniérka;Q13391399
šarlatánka;Q22082749
šéfdirigent;Q1198887
šéfkuchař;Q3499072
šéfkuchařka;Q3499072
šéfredaktor;Q589298
šéfredaktorka;Q589298
školník;Q10405943
štukatér;Q15284879
taekwondista;Q13382533
taekwondistka;Q13382533
tanečnice;Q5716684
tanečník;Q5716684
tankista;Q4451210
taxonom;Q1907198
taxonomka;Q1907198
teatrolog;Q10379007
teatroložka;Q10379007
technička;Q5352191
telegrafista;Q2024200
telegrafistka;Q2024200
tenista;Q10833314
tenistka;Q10833314
teolog;Q1234713
teoložka;Q1234713
terapeut;Q2419397
tesařství;Q203605
tetrarcha;Q2623293
textař;Q822146
textařka;Q822146
tibetolog;Q1864603
tiskařka;Q175151
tlumočnice;Q11085831
tlumočník;Q11085831
topička;Q1147709
topograf;Q2443377
topolog;Q18663426
topoložka;Q18663426
toreador;Q549322
toxikolog;Q4459623
toxikoložka;Q4459623
transfuziolog;Q60176870
transfuzioložka;Q60176870
translatolog;Q49199851
translatoložka;Q49199851
transplantolog;Q7834824
transplantoložka;Q7834824
triatlonista;Q15306067
triatlonistka;Q15306067
trojskokan;Q13848274
trumpetista;Q12377274
trumpetistka;Q12377274
turkolog;Q13210922
turkoložka;Q13210922
učitel;Q37226
učitelka;Q37226
ufolog;Q18921227
ufoložka;Q18921227
ultramaratonec;Q19827218
umělec;Q483501
umělkyně;Q483501
urbanista;Q131062
urbanistka;Q131062
urolog;Q17345122
uroložka;Q17345122
úřednice;Q212238
úředník;Q599151
varhanář;Q1937431
varhanářka;Q1937431
varhanice;Q765778
varhaník;Q765778
včelař;Q852389
včelařka;Q852389
vědec;Q901
vědkyně;Q901
vexilolog;Q58054039
vibrafonista;Q21855974
videograf;Q3766177
vinař;Q897317
violista;Q899758
violistka;Q899758
violoncellista;Q13219637
violoncellistka;Q13219637
virolog;Q15634281
viroložka;Q15634281
vojačka;Q4991371
voják;Q4991371
vojevůdce;Q1402561
vojevůdkyně;Q1402561
vokalista;Q2643890
vokalistka;Q2643890
volejbalista;Q15117302
volejbalistka;Q15117302
vulkanolog;Q7940086
vulkanoložka;Q7940086
vydavatel;Q2516866
vydavatelka;Q2516866
vychovatel;Q974144
vychovatelka;Q974144
vynálezce;Q205375
vynálezkyně;Q205375
výpravčí;Q1392297
vypravěč;Q755070
vypravěčka;Q11620676
výrobkyně;Q6606110
výsadkář;Q749387
výtvarnice;Q3391743
výtvarník;Q3391743
vývojář;Q183888
vývojářka;Q183888
windsurfista;Q13382487
zahradnice;Q3140857
zahradník;Q3140857
záchranář;Q17126809
záchranářka;Q17126809
zámečnice;Q3479990
zámečník;Q3479990
zápasnice;Q12369333
zápasník;Q12369333
závodnice;Q378622
závodník;Q378622
závorář;Q152307
závozník;Q19941977
zbrojíř;Q885444
zemědělec;Q131512
zemědělkyně;Q131512
zeměměřič;Q294126
zeměměřička;Q294126
zlatnice;Q211423
zlatník;Q211423
zlatokop;Q19691902
zlatotepec;Q1752776
zoolog;Q350979
zooložka;Q350979
zootechnička;Q220364
zootechnik;Q220364
zpěvačka;Q177220
zpěvák;Q177220
zubař;Q27349
zubařka;Q27349
zvukař;Q2442108
železničář;Q7063944
ženistka;Q151197
životopisec;Q864380
životopiskyně;Q864380
žokej;Q846750
žokejka;Q846750
žoldnéř;Q178197
kameník;Q17305500
accountmanager;Q339475
advokátníkoncipient;Q2982634
agrárníhistorička;Q17486321
agrárníhistorik;Q17486321
akademickýhudebník;Q19747285
akrobatickályžařka;Q18617021
akrobatickýlyžař;Q18617021
analytickáchemička;Q43668003
analytickýfilozof;Q18930418
analytickýchemik;Q43668003
anglikánskýkněz;Q3409375
anorganickýchemik;Q71116296
apoštolskýnuncius;Q157037
apoštolskývikář;Q15253909
architektonickýteoretik;Q17391659
asistentrežie;Q1757008
asistentrozhodčího;Q223291
asistentsoudce;Q883231
asistentučitele;Q2070313
asistentkarozhodčího;Q223291
atletickátrenérka;Q19827985
atletickýtrenér;Q19827985
atrakčníumělec;Q16009483
automobilovázávodnice;Q10349745
automobilovýzávodník;Q10349745
autorcestopisů;Q3579035
autordětskéliteratury;Q4853732
autordialogů;Q3026032
autorher;Q1544133
autorkomedií;Q11914886
autorkomiksů;Q715301
autormemoárů;Q11774156
autorpísní;Q753110
autorplakátů;Q739437
autorpředmluvy;Q19839393
autorscénickýchadaptací;Q1020593
autorsci-fi;Q18844224
autortragédií;Q22073916
autorkacestopisů;Q3579035
autorkadětskéliteratury;Q4853732
autorkaher;Q1544133
autorkakomedií;Q11914886
autorkakomiksů;Q715301
autorkamemoárů;Q11774156
autorkapísní;Q753110
autorkaplakátů;Q739437
autorkascénickýchadaptací;Q1020593
autorkasci-fi;Q18844224
baletnímistr;Q805253
baletnítanečník;Q805221
báňskáinženýrka;Q18524075
báňskýinženýr;Q18524075
báňskýzáchranář;Q67100953
behaviorálníterapeut;Q16746890
běžecnadlouhétratě;Q4439155
běžecnalyžích;Q13382608
běžecnastřednědlouhétratě;Q13381753
běžkyněnadlouhétratě;Q4439155
běžkyněnalyžích;Q13382608
běžkyněnastřednědlouhétratě;Q13381753
biatlonovátrenérka;Q19960661
biatlonovýtrenér;Q19960661
biskupkoadjutor;Q853982
biskupskývikář;Q201257
botanickáilustrátorka;Q3148760
botanickýilustrátor;Q3148760
bruslařnainlinebruslích;Q50259293
buněčnábioložka;Q15839136
buněčnýbiolog;Q15839136
burzovnímakléř;Q4182927
burzovnímakléřka;Q4182927
castingovárežisérka;Q1049296
castingovýrežisér;Q1049296
církevníhistorička;Q1743122
církevníhistorik;Q1743122
církevnísoudce;Q5332242
církevnísoudkyně;Q5332242
cirkusováartistka;Q17307272
cirkusovýartista;Q17307272
císařskýprinc;Q28495701
curatoraquarum;Q3007616
částicováfyzička;Q63017728
částicovýfyzik;Q63017728
člendozorčírady;Q63858690
daňováporadkyně;Q688576
daňovýporadce;Q688576
datováanalytička;Q77293133
datováspecialistka;Q29169143
datovýanalytik;Q77293133
datovýspecialista;Q29169143
dentálníhygienista;Q1079856
dentálníhygienistka;Q1079856
designérosvětlení;Q1823479
designéršperků;Q2519376
designérkašperků;Q2519376
dětskáherečka;Q970153
dětskápsychiatrička;Q28136886
dětskýpsychiatr;Q28136886
diplomovanýúčetní;Q1108818
dispečerleteckédopravy;Q5459329
divadelníherec;Q2259451
divadelníherečka;Q2259451
divadelníkritička;Q17337766
divadelníkritik;Q17337766
divadelnípedagog;Q2449921
divadelnípedagožka;Q2449921
divadelníproducent;Q1759246
divadelnírežisér;Q3387717
divadelnírežisérka;Q3387717
divadelníředitel;Q1776724
divadelníředitelka;Q1776724
drogovýdealer;Q3020602
duchovnísprávce;Q352507
důstojníkletectva;Q19934710
dvojitýagent;Q1058375
editornovin;Q17351648
editorkanovin;Q17351648
ekonomickáhistorička;Q17488363
ekonomickýexpert;Q11606480
ekonomickýhistorik;Q17488363
emocionálnípsycholog;Q16748751
evolučníbiolog;Q16063497
experimentálníbotanička;Q71127094
experimentálníbotanik;Q71127094
experimentálnífyzička;Q29909337
experimentálnífyzik;Q29909337
experimentálníhudebnice;Q19588578
experimentálníhudebník;Q19588578
experimentálníumělec;Q15977906
farmaceutickáchemička;Q71049973
farmaceutickýchemik;Q71049973
filmováarchitektka;Q2962070
filmovádokumentaristka;Q1235146
filmováherečka;Q10800557
filmovákritička;Q4220892
filmováproducentka;Q3282637
filmovárežisérka;Q2526255
filmováteoretička;Q17391605
filmovýarchitekt;Q2962070
filmovýdokumentarista;Q1235146
filmovýherec;Q10800557
filmovýhistorik;Q20971250
filmovýkritik;Q4220892
filmovýproducent;Q3282637
filmovýrežisér;Q2526255
filmovýteoretik;Q17391605
filmovývědec;Q4220878
filozofjazyka;Q18930236
filozofvěd;Q16389557
filozofkajazyka;Q18930236
filozofkavěd;Q16389557
finančníanalytička;Q1416279
finančníanalytik;Q1416279
finančníporadce;Q683476
finančníporadkyně;Q683476
fitnessinstruktor;Q8563456
florbalovátrenérka;Q26156291
foodkritik;Q1495660
forenznívědec;Q15941468
forenznívědkyně;Q15941468
fotbalovározhodčí;Q859528
fotbalovátrenérka;Q628099
fotbalovýrozhodčí;Q859528
fotbalovýtrenér;Q628099
fyzikálníchemička;Q16744668
fyzikálníchemik;Q16744668
grafickádesignérka;Q627325
grafickýdesignér;Q627325
gymnaziálníprofesor;Q1558050
hernínávrhář;Q3630699
hernínávrhářka;Q3630699
herníprogramátor;Q863368
historičkaarchitektury;Q11486702
historičkafilosofie;Q24265174
historičkakartografie;Q17488392
historičkaklasickéhostarověku;Q20873384
historičkalékařství;Q15985128
historičkamatematiky;Q17486330
historičkanovověku;Q17489339
historičkatance;Q56598083
historičkatechniky;Q17486338
historičkaumění;Q1792450
historikarchitektury;Q11486702
historikfilosofie;Q24265174
historikfotografie;Q59273517
historikkartografie;Q17488392
historiklékařství;Q15985128
historikmatematiky;Q17486330
historiknovověku;Q17489339
historikpráva;Q2135538
historiktance;Q56598083
historiktechniky;Q17486338
historikvědy;Q16063546
hlasováherečka;Q2405480
hlasovátrenérka;Q2350126
hlasovýherec;Q2405480
hlasovýtrenér;Q2350126
hlavnítrenér;Q3246315
hokejovátrenérka;Q5137576
hokejovýrozhodčí;Q1757103
hokejovýtrenér;Q5137576
horskývůdce;Q819677
hrudníchirurgie;Q2964004
hudebníaranžér;Q1643514
hudebníaranžérka;Q1643514
hudebníhistorička;Q20198542
hudebníhistorik;Q20198542
hudebníjednatel;Q3089940
hudebníjednatelka;Q3089940
hudebníkritička;Q1350157
hudebníkritik;Q1350157
hudebnípedagog;Q16145150
hudebnípedagožka;Q16145150
hudebníproducentka;Q183945
hudebnískladatel;Q36834
hudebnískladatelka;Q36834
hudebníteoretička;Q16031530
hudebníteoretik;Q16031530
hudebnívydavatel;Q222836
hudebnížurnalista;Q20669622
hudebnížurnalistka;Q20669622
hypotečníporadce;Q1278442
chemickátechnoložka;Q5090503
chemickýtechnolog;Q5090503
choreografkrasobruslení;Q55284884
choreografkakrasobruslení;Q55284884
chovatelkoní;Q16000367
chrámováprostituce;Q1413317
informačníinženýr;Q60461982
informačníinženýrka;Q60461982
informačnímanažer;Q60462007
informačnípracovnice;Q1662485
informačnípracovník;Q1662485
inlinehokejista;Q65697958
investigativníreportér;Q15931838
investigativníreportérka;Q15931838
inženýrchemie;Q7888586
inženýrkachemie;Q7888586
jadernáfyzička;Q16742096
jadernáchemička;Q71051447
jadernýfyzik;Q16742096
jadernýchemik;Q71051447
jazykovýtvůrce;Q1206912
jazzováhudebnice;Q15981151
jazzovýhudebník;Q15981151
jazzovýkytarista;Q6168364
jevištníiluzionista;Q15855449
kancelářskýúředník;Q738142
katolickýarcibiskup;Q48629921
katolickýbiskup;Q611644
katolickýkněz;Q250867
klasickáarcheoložka;Q15983985
klasickáfiloložka;Q16267607
klasickákytaristka;Q24067349
klasickýarcheolog;Q15983985
klasickýfilolog;Q16267607
klasickýkytarista;Q24067349
klinickápsycholožka;Q1113899
klinickýbiolog;Q2904166
klinickýpsycholog;Q1113899
komiksováscenáristka;Q11892507
komiksovýscenárista;Q11892507
konceptuálníumělec;Q21550489
konceptuálníumělkyně;Q21550489
koncertnímanažer;Q3533840
koncertnímistr;Q691031
kostýmnínávrhář;Q1323191
kostýmnínávrhářka;Q1323191
kreativníředitel;Q667982
kreativníředitelka;Q667982
kriketovýrozhodčí;Q2143894
kritičkaumění;Q4164507
kritikumění;Q4164507
kulturníantropolog;Q30131998
kulturníantropoložka;Q30131998
kulturníkritik;Q20020377
kurátorsbírky;Q674426
kurátorkasbírky;Q674426
kvantováchemička;Q66738131
kvantováoptička;Q71133415
kvantovýfyzik;Q16745601
kvantovýchemik;Q66738131
kvantovýoptik;Q71133415
lékařskýspisovatel;Q18533509
lesníinženýr;Q16021386
lesníinženýrka;Q16021386
leteckáinženýrka;Q10497074
leteckákonstruktérka;Q20972719
leteckýinženýr;Q10497074
leteckýkapitán;Q1146304
leteckýkonstruktér;Q20972719
leteckýpozorovatel;Q4698345
letovýchirurg;Q17014120
letovýinstruktor;Q379318
literárníhistorička;Q13570226
literárníhistorik;Q13570226
literárníkritička;Q4263842
literárníkritik;Q4263842
literárnípřekladatel;Q9363889
literárnípřekladatelka;Q9363889
literárníteoretička;Q15962340
literárníteoretik;Q15962340
literárnívědec;Q17167049
literárnívědkyně;Q17167049
lodníinženýr;Q1644847
lodníinženýrka;Q1644847
lodníkonstruktér;Q2860259
maratonskáběžkyně;Q13382460
maratonskýběžec;Q13382460
materiálovávědkyně;Q21329070
materiálovývědec;Q21329070
mediálníkritik;Q19251029
ministerskýúředník;Q1937003
mistrynězvuku;Q2442108
moderátorzpráv;Q270389
moderátorkazpráv;Q270389
modernígymnastka;Q24037210
modernípětibojař;Q15972912
modernípětibojařka;Q15972912
módníeditor;Q5436767
módníeditorka;Q5436767
módnífotograf;Q19698265
módnínávrhář;Q3501317
módnínávrhářka;Q3501317
módnístylista;Q3237618
módnístylistka;Q3237618
molekulárníbiolog;Q15839206
molekulárníbioložka;Q15839206
molekulárnígenetička;Q15839158
molekulárnígenetik;Q15839158
mořskábioložka;Q3640160
mořskýbiolog;Q3640160
motivačnířečník;Q15982858
motocyklovázávodnice;Q3014296
motocyklovýzávodník;Q3014296
náboženskáhistorička;Q17488357
náboženskýhistorik;Q17488357
námořnídůstojník;Q10669499
nemocničníkaplan;Q16335867
nemocničníkaplanka;Q16335867
normativnílingvista;Q61963619
normativnílingvistka;Q61963619
notářskýkoncipient;Q319341
novinářskáfotografka;Q957729
obchodnímanažerka;Q2961975
obchodníředitelka;Q2961975
obchodníksuměním;Q173950
odbornáasistentka;Q5669847
odbornicenagender;Q63952000
odbornicenavýživu;Q2576499
odborníknagender;Q63952000
odborníknavýživu;Q2576499
odbornýasistent;Q5669847
odbornýlékař;Q3332438
odpovědnýredaktor;Q55836388
okresníškolníinspektor;Q66316852
opernípěvec;Q2865819
opernípěvkyně;Q2865819
opernírežisér;Q28054786
opernírežisérka;Q28054786
opernískladatel;Q21680731
orientačníběžec;Q13581129
orientačníběžkyně;Q13581129
orientálnítanečnice;Q5420718
patentovýzástupce;Q84324236
pedagogickýpracovník;Q64016603
plastickýchirurg;Q5770349
plážovávolejbalistka;Q17361156
plážovýfotbalista;Q21057452
plážovývolejbalista;Q17361156
podnikovýprávník;Q15056889
politickákomentátorka;Q11499163
politickáspisovatelka;Q15958642
politickýfilozof;Q18930007
politickýgeograf;Q52386692
politickýkomentátor;Q11499163
politickýnovinář;Q15973695
politickýporadce;Q8125919
politickýspisovatel;Q15958642
politickýteoretik;Q15994177
popularizátorvědy;Q15143191
popularizátorkavědy;Q15143191
porodníasistentka;Q185196
portrétnífotograf;Q2544530
portrétnímalíř;Q2180411
portrétnímalířka;Q2180411
pouličníumělec;Q2914170
pouličníumělkyně;Q2914170
pozemníhokejista;Q10843263
pozemníhokejistka;Q10843263
prmanažer;Q4178004
prmanažerka;Q4178004
praktickásestra;Q1078096
praktickýlékař;Q6500773
právníasistent;Q620413
právníasistentka;Q620413
právníhistorička;Q2135538
právníporadkyně;Q2664701
právnívědec;Q16012028
právnívědkyně;Q16012028
právnízástupce;Q758225
právnízástupkyně;Q758225
producentkafilmů;Q3282637
produktovýmanažer;Q2552738
profesionálnígolfista;Q490253
profesionálnígolfistka;Q490253
profesionálníwrestler;Q13474373
profesionálníwrestlerka;Q13474373
projektovýmanažer;Q816432
provozníředitel;Q623279
provozníředitelka;Q623279
průmyslovýdesigner;Q11287574
průmyslovýmechanik;Q1662081
přednostastanice;Q2962020
půdníbiolog;Q70347046
půdníbioložka;Q70347046
radiologickýasistent;Q12048588
rallyovýzávodník;Q10842936
realitnímakléř;Q519076
realitnímakléřka;Q519076
redakčníkarikaturista;Q3024627
redakčníkarikaturistka;Q3024627
referenčníknihovník;Q60462065
reportážnífotografka;Q957729
reprezentačnítrenér;Q1969425
reprezentačnítrenérka;Q1969425
režiséranimace;Q779815
rozhlasovámoderátorka;Q2722764
rozhlasováproducentka;Q3406651
rozhlasovýmoderátor;Q2722764
rozhlasovýproducent;Q3406651
ředitelmuzea;Q22132694
ředitelškoly;Q1056391
ředitelkamuzea;Q22132694
řeholníkanovník;Q89566537
řidičautobusu;Q829020
řidičkamionu;Q508846
řidičtramvaje;Q3566741
řidičkaautobusu;Q829020
řidičkakamionu;Q508846
sexuálnípedagog;Q21507004
sexuálnípedagožka;Q21507004
silničnícyklista;Q52217314
silničnícyklistka;Q52217314
silovásportovkyně;Q7623231
silovýsportovec;Q7623231
sjezdovályžařka;Q4144610
sjezdovýlyžař;Q4144610
skladatelfilmovéhudby;Q1415090
skladatelklasickéhudby;Q21680663
skladatelkafilmovéhudby;Q1415090
skladatelkaklasickéhudby;Q21680663
sklářskávýtvarnice;Q2865798
sklářskývýtvarník;Q2865798
sladkovodníbiolog;Q14556953
sociálnígeograf;Q84077978
sociálnígeografka;Q84077978
sociálníhistorička;Q17504992
sociálníhistorik;Q17504992
sociálnípedagog;Q45090899
sociálnípráce;Q205398
sociálnípracovnice;Q7019111
sociálnípracovník;Q7019111
sociálnípsycholog;Q10672931
sociálnípsycholožka;Q10672931
softwarováarchitektka;Q1548249
softwarováinženýrka;Q1709010
softwarovýarchitekt;Q1548249
softwarovýinženýr;Q1709010
soudníexekutor;Q2005653
soudníexekutorka;Q2005653
soudnítlumočník;Q25502757
soudníznalec;Q663272
soudníznalkyně;Q663272
soukromýdetektiv;Q1058617
speciálnípedagog;Q1030095
speciálnípedagožka;Q1030095
spisovatelliteraturyfaktu;Q15980158
spisovatelkaliteraturyfaktu;Q15980158
sportovnífunkcionář;Q15986539
sportovnífunkcionářka;Q15986539
sportovnígymnasta;Q13381572
sportovnígymnastka;Q13381572
sportovníhistorička;Q17504998
sportovníhistorik;Q17504998
sportovníkomentátor;Q2986228
sportovníkomentátorka;Q2986228
sportovnímanažer;Q26481809
sportovnínovinář;Q13219447
sportovnínovinářka;Q13219447
sportovnípilot;Q51093963
sportovnístřelec;Q17486376
sportovnístřelkyně;Q17486376
sportovnívědec;Q19587958
sportovnívědkyně;Q19587958
správcedatabáze;Q1078262
stand-upkomička;Q18545066
stand-upkomik;Q18545066
státnítajemník;Q12781866
státnízástupkyně;Q600751
stavebnídělník;Q811122
stavebnídozor;Q811459
stavebníinženýr;Q13582652
stavebníinženýrka;Q13582652
stíhacípilot;Q618694
stíhacípilotka;Q618694
stolnítenista;Q13382519
stolnítenistka;Q13382519
strojníinženýr;Q1906857
strojníinženýrka;Q1906857
středoškolskáučitelka;Q5758653
středoškolskýučitel;Q5758653
systémováinženýrka;Q1572123
systémovýadministrátor;Q327353
systémovýarchitekt;Q7663860
systémovýinženýr;Q1572123
systémovýknihovník;Q60462085
šachovýrozhodčí;Q2229544
šachovýteoretik;Q15958307
šachovýtrenér;Q2106721
televizníherec;Q10798782
televizníherečka;Q10798782
televizníhlasatel;Q947873
televizníhlasatelka;Q947873
televiznímeteorolog;Q1154500
televizníproducent;Q578109
televizníproducentka;Q578109
televiznírežisér;Q2059704
televiznírežisérka;Q2059704
tenisovátrenérka;Q13219424
tenisovýrozhodčí;Q3502546
tenisovýtrenér;Q13219424
teoretickábioložka;Q16270720
teoretickáfyzička;Q19350898
teoretickýbiolog;Q16270720
teoretickýfyzik;Q19350898
teoretičkaumění;Q17391638
teoretikumění;Q17391638
textilnínávrhář;Q18611810
textilnínávrhářka;Q18611810
textilnívýtvarnice;Q10694573
textilnívýtvarník;Q10694573
tiskovámluvčí;Q2358549
tiskovýmluvčí;Q2358549
učitelhudby;Q2675537
učitelnáboženství;Q268190
uměleckáfotografka;Q12166078
uměleckýfotograf;Q12166078
uměleckýpedagog;Q15977927
uměleckýproducent;Q47541952
uměleckýředitel;Q4801269
uměleckývedoucí;Q1797162
univerzitníadministrátor;Q21281706
válečnáfotografka;Q11496048
válečnázpravodajka;Q164236
válečnýfotograf;Q11496048
válečnýzpravodaj;Q164236
vědeckáspisovatelka;Q3745071
vědeckýilustrátor;Q19507792
vědeckýspisovatel;Q3745071
vedoucíoddělení;Q334473
veterinárnílékař;Q202883
veterinárnílékařka;Q202883
vězeňskýkaplan;Q10500764
vězeňskýpracovník;Q311396
videoblogger;Q4110598
vodnílyžař;Q12340540
vodnílyžařka;Q12340540
vojákzpovolání;Q829064
vojenskáhistorička;Q1493121
vojenskálékařka;Q4002666
vojenskáosoba;Q47064
vojenskávelitelka;Q11545923
vojenskýhistorik;Q1493121
vojenskýkaplan;Q918824
vojenskýlékař;Q4002666
vojenskýletec;Q408832
vojenskývelitel;Q11545923
výchovnýporadce;Q44326516
výkonnáproducentka;Q1053574
výkonnýproducent;Q1053574
výrobcehudebníchnástrojů;Q1955150
výrobceklavírů;Q885122
výrobcekytar;Q450202
výrobkyněhudebníchnástrojů;Q1955150
vysokoškolskáučitelka;Q1622272
vysokoškolskýučitel;Q1622272
vývojářpočítačovýchher;Q58287519
vývojářvideoher;Q18882335
vývojářkapočítačovýchher;Q58287519
vývojářkavideoher;Q18882335
vývojovábioložka;Q15839135
vývojovýbiolog;Q15839135
vzdělávacíporadce;Q20650482
webovávývojářka;Q6859454
webovývývojář;Q6859454
wikipedistarezident;Q3809586
zahradníarchitekt;Q15432439
zahradníarchitektka;Q15432439
zahraničnízpravodaj;Q18190897
závodnípilot;Q61043082
zdravotníklaun;Q12040660
zdravotnickázáchranářka;Q330204
zdravotnickýpracovník;Q11974939
zdravotnickýzáchranář;Q330204
zemědělskáinženýrka;Q10272925
zemědělskýinženýr;Q10272925
zpravodajskádůstojnice;Q5121444
zpravodajskáfotografka;Q957729
zpravodajskýdůstojník;Q5121444
zubnílékař;Q27349
zubnílékařka;Q27349
zubnítechnik;Q144075
zvukováinženýrka;Q128124
zvukovýinženýr;Q128124
železničníinženýr;Q66711686
železničníinženýrka;Q66711686
železničníprůvodčí;Q2962041
žurnalistickáfotografka;Q957729
řezník;Q329737
