abreviátor;Q176020;abreviátor
adiktolog;Q30096463;adiktolog
adiktoložka;Q30096463;adiktoložka
advokát;Q40348;advokát
advokátka;Q40348;advokátka
aforista;Q3606216;aforista
aforistka;Q3606216;aforistka
afrikanista;Q15936497;afrikanista
agrobiolog;Q56677038;agrobiolog
agrobioložka;Q56677038;agrobioložka
agronom;Q1781198;agronom
agronomka;Q1781198;agronomka
akademička;Q3400985;akademička
akademik;Q3400985;akademik
akarolog;Q19798999;akarolog
akaroložka;Q19798999;akaroložka
akordeonista;Q1863064;akordeonista
akordeonistka;Q1863064;akordeonistka
akrobat;Q11957145;akrobat
akustička;Q61711955;akustička
akustik;Q61711955;akustik
algolog;Q12358881;algolog
algoložka;Q12358881;algoložka
alchymista;Q15954519;alchymista
amerikanista;Q16308157;amerikanista
amerikanistka;Q16308157;amerikanistka
analytička;Q485178;analytička
analytik;Q485178;analytik
anatom;Q10872101;anatom
anatomka;Q10872101;anatomka
anesteziolog;Q28837;anesteziolog
anestezioložka;Q28837;anestezioložka
angiochirurg;Q30115343;angiochirurg
angiolog;Q30132173;angiolog
angioložka;Q30132173;angioložka
anglista;Q16308156;anglista
anglistka;Q16308156;anglistka
animátor;Q266569;animátor
animátorka;Q266569;animátorka
antikvář;Q5697103;antikvář
antropolog;Q4773904;antropolog
antropoložka;Q4773904;antropoložka
apidolog;Q19834743;apidolog
apidoložka;Q19834743;apidoložka
apokrisiář;Q618870;apokrisiář
arabista;Q620573;arabista
arabistka;Q620573;arabistka
arachnolog;Q17344952;arachnolog
arachnoložka;Q17344952;arachnoložka
arborista;Q776268;arborista
arboristka;Q776268;arboristka
arcijáhen;Q633730;arcijáhen
archeolog;Q3621491;archeolog
archeoložka;Q3621491;archeoložka
archimandrita;Q213159;archimandrita
architekt;Q42973;architekt
architektka;Q42973;architektka
archivář;Q635734;archivář
archivářka;Q635734;archivářka
armenolog;Q21280575;armenolog
armenoložka;Q21280575;armenoložka
aromacholog;Q4795498;aromacholog
aromacholožka;Q4795498;aromacholožka
aromaterapeut;Q27862253;aromaterapeut
astrobiolog;Q3061999;astrobiolog
astrofyzička;Q752129;astrofyzička
astrofyzik;Q752129;astrofyzik
astrolog;Q155647;astrolog
astroložka;Q155647;astroložka
astronom;Q11063;astronom
astronomka;Q11063;astronomka
asyriolog;Q19361459;asyriolog
automechanička;Q706835;automechanička
automechanik;Q706835;automechanik
badatel;Q1650915;badatel
badatelka;Q1650915;badatelka
badmintonista;Q13141064;badmintonista
badmintonistka;Q13141064;badmintonistka
bajkář;Q3064032;bajkář
bakteriolog;Q15816836;bakteriolog
bakterioložka;Q15816836;bakterioložka
baletka;Q805221;baletka
balonář;Q728425;balonář
balonářka;Q728425;balonářka
bankéř;Q806798;bankéř
bankéřka;Q806798;bankéřka
baráčník;Q523213;baráčník
basista;Q584301;basista
basistka;Q584301;basistka
basketbalista;Q3665646;basketbalista
basketbalistka;Q3665646;basketbalistka
baskytarista;Q12360214;baskytarista
baskytaristka;Q12360214;baskytaristka
básník;Q49757;básník
básnířka;Q49757;básnířka
betlemář;Q59823990;betlemář
betlemářka;Q59823990;betlemářka
biatlonista;Q16029547;biatlonista
biatlonistka;Q16029547;biatlonistka
bibliograf;Q10429346;bibliograf
bibliografka;Q10429346;bibliografka
biofyzička;Q14906342;biofyzička
biofyzik;Q14906342;biofyzik
biogeochemik;Q18176481;biogeochemik
biochemička;Q2919046;biochemička
biochemik;Q2919046;biochemik
bioinformatička;Q2904006;bioinformatička
bioinformatik;Q2904006;bioinformatik
bioinženýr;Q26848923;bioinženýr
bioinženýrka;Q26848923;bioinženýrka
biolog;Q864503;biolog
bioložka;Q864503;bioložka
biostatistik;Q52899051;biostatistik
biotechnolog;Q864835;biotechnolog
biotechnoložka;Q864835;biotechnoložka
biskup;Q29182;biskup
bloger;Q8246794;bloger
blogerka;Q8246794;blogerka
bobista;Q13383011;bobista
bobistka;Q13383011;bobistka
bohemista;Q71049101;bohemista
bohemistka;Q71049101;bohemistka
bookmaker;Q664702;bookmaker
botanička;Q2374149;botanička
botanik;Q2374149;botanik
boxer;Q11338576;boxer
boxerka;Q11338576;boxerka
bryolog;Q16334507;bryolog
bryoložka;Q16334507;bryoložka
bubenice;Q386854;bubenice
bubeník;Q386854;bubeník
byzantolog;Q26132815;byzantolog
byzantoložka;Q26132815;byzantoložka
cembalista;Q5371902;cembalista
cembalistka;Q5371902;cembalistka
ceremoniář;Q191578;ceremoniář
cestopiskyně;Q3579035;cestopiskyně
cimbálista;Q22078111;cimbálista
cnidariolog;Q5137366;cnidariolog
copywriter;Q14466416;copywriter
cukrář;Q2992505;cukrář
cukrářka;Q2992505;cukrářka
cukrářství;Q18646422;cukrářství
curler;Q17516936;curler
cvočkařství;Q1750079;cvočkařství
cyklista;Q2309784;cyklista
cyklistka;Q2309784;cyklistka
cyklokrosař;Q15117415;cyklokrosař
cyklokrosařka;Q15117415;cyklokrosařka
cytogenetička;Q71049338;cytogenetička
cytogenetik;Q71049338;cytogenetik
činovník;Q90238261;činovník
číšník;Q157195;číšník
dabér;Q11481802;dabér
dabérka;Q11481802;dabérka
daguerrotypista;Q23011096;daguerrotypista
dekorátor;Q22811707;dekorátor
dekorátorka;Q22811707;dekorátorka
delegát;Q994779;delegát
dělostřelec;Q4070283;dělostřelec
demograf;Q12360779;demograf
demografka;Q12360779;demografka
démonolog;Q48558140;démonolog
démonoložka;Q48558140;démonoložka
dendrolog;Q42296463;dendrolog
dentistka;Q27349;dentistka
dermatolog;Q2447386;dermatolog
dermatoložka;Q2447386;dermatoložka
dermatovenerolog;Q25543366;dermatovenerolog
dermatoveneroložka;Q25543366;dermatoveneroložka
designér;Q5322166;designér
designérka;Q5322166;designérka
diabetolog;Q20756907;diabetolog
diabetoložka;Q20756907;diabetoložka
dialektolog;Q16880249;dialektolog
dialektoložka;Q16880249;dialektoložka
diplomat;Q193391;diplomat
diplomatička;Q47520669;diplomatička
diplomatik;Q47520669;diplomatik
diplomatka;Q193391;diplomatka
dirigent;Q158852;dirigent
dirigentka;Q158852;dirigentka
diskžokej;Q130857;diskžokej
diskžokejka;Q130857;diskžokejka
dispečer;Q570755;dispečer
dokumentarista;Q11814411;dokumentarista
dokumentaristka;Q11814411;dokumentaristka
dokumentátor;Q1235152;dokumentátor
dokumentátorka;Q1235152;dokumentátorka
dominikán;Q63253698;dominikán
dopisovatel;Q1155838;dopisovatel
dopisovatelka;Q1155838;dopisovatelka
dopravce;Q561457;dopravce
doxograf;Q16889429;doxograf
dráhař;Q15117395;dráhař
dráhařka;Q15117395;dráhařka
dramaturg;Q487596;dramaturg
dramaturgyně;Q487596;dramaturgyně
dráteník;Q338221;dráteník
dražebník;Q2743689;dražebník
dřevorubec;Q1124183;dřevorubec
dřevorubkyně;Q1124183;dřevorubkyně
dřevorytec;Q1437754;dřevorytec
důstojnice;Q189290;důstojnice
důstojník;Q189290;důstojník
ebenista;Q559597;ebenista
egyptolog;Q1350189;egyptolog
egyptoložka;Q1350189;egyptoložka
ekolog;Q15839134;ekolog
ekoložka;Q15839134;ekoložka
ekonom;Q188094;ekonom
ekonomka;Q188094;ekonomka
elektrikář;Q165029;elektrikář
elektrikářka;Q165029;elektrikářka
elektrochemik;Q71126987;elektrochemik
elektroinženýr;Q1326886;elektroinženýr
elektroinženýrka;Q1326886;elektroinženýrka
elektronička;Q1326820;elektronička
elektrooptička;Q71133935;elektrooptička
elektrooptik;Q71133935;elektrooptik
embryolog;Q16271428;embryolog
encyklopedista;Q16314501;encyklopedista
encyklopedistka;Q16314501;encyklopedistka
endokrinolog;Q4531850;endokrinolog
endokrinoložka;Q4531850;endokrinoložka
entomolog;Q3055126;entomolog
entomoložka;Q3055126;entomoložka
epidemiolog;Q13416803;epidemiolog
epidemioložka;Q13416803;epidemioložka
epigrafička;Q15632632;epigrafička
epigrafik;Q15632632;epigrafik
epigramatička;Q26237228;epigramatička
epigramatik;Q26237228;epigramatik
epileptolog;Q3432666;epileptolog
epileptoložka;Q3432666;epileptoložka
epistemolog;Q15632482;epistemolog
ergonom;Q11697052;ergonom
ergonomka;Q11697052;ergonomka
esejista;Q11774202;esejista
esejistka;Q11774202;esejistka
esoterička;Q16004492;esoterička
esoterik;Q16004492;esoterik
esperantolog;Q56810907;esperantolog
esperantoložka;Q56810907;esperantoložka
estetička;Q21550346;estetička
estetik;Q21550346;estetik
etnobotanička;Q32518759;etnobotanička
etnobotanik;Q32518759;etnobotanik
etnograf;Q12347522;etnograf
etnografka;Q12347522;etnografka
etnolog;Q1371378;etnolog
etnoložka;Q1371378;etnoložka
etnomuzikolog;Q17484288;etnomuzikolog
etnomuzikoložka;Q17484288;etnomuzikoložka
etolog;Q16831721;etolog
etoložka;Q16831721;etoložka
etymolog;Q16312408;etymolog
evangelista;Q1381391;evangelista
existencialista;Q16897774;existencialista
fagotista;Q12310971;fagotista
fagotistka;Q12310971;fagotistka
farář;Q955464;farář
farářka;Q955464;farářka
farmaceut;Q105186;farmaceut
farmaceutka;Q105186;farmaceutka
farmakolog;Q2114605;farmakolog
farmakoložka;Q2114605;farmakoložka
fashionista;Q5436793;fashionista
fenomenolog;Q28045801;fenomenolog
fenomenoložka;Q28045801;fenomenoložka
filmař;Q1414443;filmař
filmařka;Q1414443;filmařka
filolog;Q13418253;filolog
filoložka;Q13418253;filoložka
filozof;Q4964182;filozof
filozofka;Q4964182;filozofka
finančnice;Q1979607;finančnice
finančník;Q1979607;finančník
flétnista;Q12902372;flétnista
flétnistka;Q12902372;flétnistka
florbalista;Q23868946;florbalista
florbalistka;Q23868946;florbalistka
folklorista;Q3075052;folklorista
folkloristka;Q3075052;folkloristka
foniatr;Q71127234;foniatr
foniatrička;Q71127234;foniatrička
fonolog;Q46163584;fonolog
fonoložka;Q46163584;fonoložka
fotbalista;Q937857;fotbalista
fotbalistka;Q937857;fotbalistka
fotograf;Q33231;fotograf
fotografka;Q33231;fotografka
fotolaborantka;Q1439653;fotolaborantka
fotomodel;Q3357567;fotomodel
fotomodelka;Q3357567;fotomodelka
fotoreportér;Q957729;fotoreportér
fotoreportérka;Q957729;fotoreportérka
fotožurnalistka;Q957729;fotožurnalistka
funkcionář;Q1328323;funkcionář
funkcionářka;Q1328323;funkcionářka
futurolog;Q846430;futurolog
fylogenetička;Q23840151;fylogenetička
fylogenetik;Q23840151;fylogenetik
fylogeograf;Q71050302;fylogeograf
fylogeografka;Q71050302;fylogeografka
fytopatolog;Q3746192;fytopatolog
fytopatoložka;Q3746192;fytopatoložka
fyzička;Q169470;fyzička
fyzik;Q169470;fyzik
fyziolog;Q2055046;fyziolog
fyzioložka;Q2055046;fyzioložka
fyzioterapeut;Q694748;fyzioterapeut
fyzioterapeutka;Q694748;fyzioterapeutka
galerista;Q20771242;galerista
galeristka;Q20771242;galeristka
gambista;Q19760296;gambista
gambistka;Q19760296;gambistka
gastroenterolog;Q19280221;gastroenterolog
gastroenteroložka;Q19280221;gastroenteroložka
gastronomie;Q171141;gastronomie
genealog;Q8963721;genealog
genealožka;Q8963721;genealožka
genetička;Q3126128;genetička
genetik;Q3126128;genetik
geobiolog;Q23823874;geobiolog
geobioložka;Q23823874;geobioložka
geobotanička;Q19961388;geobotanička
geobotanik;Q19961388;geobotanik
geofyzička;Q12094958;geofyzička
geofyzik;Q12094958;geofyzik
geograf;Q901402;geograf
geografka;Q901402;geografka
geochemička;Q16335312;geochemička
geochemik;Q16335312;geochemik
geoinformatička;Q71050729;geoinformatička
geoinformatik;Q71050729;geoinformatik
geolog;Q520549;geolog
geoložka;Q520549;geoložka
geomorfolog;Q38053159;geomorfolog
geopolitička;Q16947320;geopolitička
geopolitik;Q16947320;geopolitik
germanista;Q2599593;germanista
germanistka;Q2599593;germanistka
gerontolog;Q20107384;gerontolog
gerontoložka;Q20107384;gerontoložka
glaciolog;Q15623737;glaciolog
glacioložka;Q15623737;glacioložka
glyptik;Q17319698;glyptik
golfista;Q11303721;golfista
golfistka;Q11303721;golfistka
grafička;Q1925963;grafička
grafik;Q1925963;grafik
gramatik;Q15991187;gramatik
granátník;Q313303;granátník
guvernantka;Q1540278;guvernantka
gymnasta;Q16947675;gymnasta
gymnastka;Q16947675;gymnastka
gynekolog;Q2640827;gynekolog
gynekoložka;Q2640827;gynekoložka
hagiograf;Q17166634;hagiograf
hagiografka;Q17166634;hagiografka
harcovník;Q1481555;harcovník
harfeník;Q3127709;harfeník
harfistka;Q3127709;harfistka
hasič;Q107711;hasič
hasička;Q107711;hasička
házenkář;Q12840545;házenkář
házenkářka;Q12840545;házenkářka
hebraista;Q4988856;hebraista
hebraistka;Q4988856;hebraistka
hematolog;Q3144914;hematolog
hematoložka;Q3144914;hematoložka
hepatolog;Q30112358;hepatolog
hepatoložka;Q30112358;hepatoložka
heraldička;Q516463;heraldička
heraldik;Q516463;heraldik
herec;Q33999;herec
herečka;Q33999;herečka
hermetička;Q60286963;hermetička
hermetik;Q60286963;hermetik
herold;Q696819;herold
herpetolog;Q16271064;herpetolog
herpetoložka;Q16271064;herpetoložka
hispanista;Q2505739;hispanista
hispanistka;Q2505739;hispanistka
histolog;Q2552072;histolog
histoložka;Q2552072;histoložka
histopatolog;Q71050974;histopatolog
histopatoložka;Q71050974;histopatoložka
historička;Q201788;historička
historik;Q201788;historik
hlasatel;Q1371925;hlasatel
hlasatelka;Q1371925;hlasatelka
hobojista;Q16003954;hobojista
hobojistka;Q16003954;hobojistka
hokejista;Q11774891;hokejista
hokejistka;Q11774891;hokejistka
homeopat;Q12020057;homeopat
hornista;Q19729565;hornista
hornistka;Q19729565;hornistka
hoteliér;Q1631120;hoteliér
houslař;Q762707;houslař
houslista;Q1259917;houslista
houslistka;Q1259917;houslistka
hrobník;Q537575;hrobník
hudebnice;Q639669;hudebnice
hudebník;Q639669;hudebník
humorista;Q12406482;humorista
humoristka;Q12406482;humoristka
hungarista;Q49197733;hungarista
hungaristka;Q49197733;hungaristka
hydrobiolog;Q16003980;hydrobiolog
hydrobioložka;Q16003980;hydrobioložka
hydrogeolog;Q35380338;hydrogeolog
hydrogeoložka;Q35380338;hydrogeoložka
hydrograf;Q10295465;hydrograf
hydrografka;Q10295465;hydrografka
hydrolog;Q3644587;hydrolog
hydroložka;Q3644587;hydroložka
hygienička;Q651566;hygienička
hygienik;Q651566;hygienik
chemička;Q593644;chemička
chemigraf;Q18243284;chemigraf
chemik;Q593644;chemik
chirurg;Q774306;chirurg
chiruržka;Q774306;chiruržka
choreograf;Q2490358;choreograf
choreografka;Q2490358;choreografka
ichtyolog;Q4205432;ichtyolog
ichtyoložka;Q4205432;ichtyoložka
ikonopisec;Q4199058;ikonopisec
iluminátor;Q998628;iluminátor
iluminátorka;Q998628;iluminátorka
ilustrátor;Q644687;ilustrátor
ilustrátorka;Q644687;ilustrátorka
iluzionista;Q1658894;iluzionista
imitátor;Q1148872;imitátor
impresário;Q943995;impresário
imunolog;Q12119633;imunolog
imunoložka;Q12119633;imunoložka
indoevropeista;Q16267985;indoevropeista
indolog;Q18524037;indolog
indoložka;Q18524037;indoložka
infektolog;Q11494960;infektolog
infektoložka;Q11494960;infektoložka
influencer;Q2906862;influencer
influencerka;Q2906862;influencerka
informatička;Q82594;informatička
informatik;Q82594;informatik
informator;Q3106887;informator
inkvizitor;Q1664338;inkvizitor
inovátor;Q3492227;inovátor
inspector;Q27214348;inspector
inspektorka;Q27214348;inspektorka
instalatér;Q252924;instalatér
instalatérka;Q252924;instalatérka
instrumentalista;Q1278335;instrumentalista
instrumentalistka;Q1278335;instrumentalistka
intelektuál;Q58968;intelektuál
intelektuálka;Q58968;intelektuálka
intendant;Q6491450;intendant
intendantka;Q6491450;intendantka
interlingvista;Q15976715;interlingvista
internista;Q15924224;internista
internistka;Q15924224;internistka
iránista;Q16832248;iránista
islamolog;Q3155377;islamolog
islamoložka;Q3155377;islamoložka
jáhen;Q161944;jáhen
jachtař;Q476246;jachtař
jachtařka;Q476246;jachtařka
japanning;Q17146917;japanning
japanolog;Q15991218;japanolog
japanoložka;Q15991218;japanoložka
jazykovědec;Q14467526;jazykovědec
jazykovědkyně;Q14467526;jazykovědkyně
jerodiákon;Q7198392;jerodiákon
jeromonach;Q1288557;jeromonach
jeřábnice;Q2561741;jeřábnice
jeřábník;Q2561741;jeřábník
jezdec;Q2730732;jezdec
jezdkyně;Q2730732;jezdkyně
jezuita;Q63173086;jezuita
jirchář;Q1326835;jirchář
jódler;Q21234378;jódler
jódlerka;Q21234378;jódlerka
judaista;Q5121550;judaista
judaistka;Q5121550;judaistka
judista;Q6665249;judista
kabaretiér;Q15214752;kabaretiér
kabaretiérka;Q15214752;kabaretiérka
kadeřnice;Q55187;kadeřnice
kadeřník;Q55187;kadeřník
kaligraf;Q3303330;kaligraf
kaligrafka;Q3303330;kaligrafka
kamelot;Q21015872;kamelot
kamenice;Q328325;kamenice
kameník;Q328325;kameník
kameraman;Q222344;kameraman
kameramanka;Q222344;kameramanka
kamnář;Q94072237;kamnář
kamnářka;Q94072237;kamnářka
kanoista;Q13382566;kanoista
kanoistka;Q13382566;kanoistka
kanonista;Q12027957;kanonista
kanovník;Q1104153;kanovník
kapelnice;Q806349;kapelnice
kapelník;Q806349;kapelník
kapo;Q702997;kapo
karatista;Q9017214;karatista
karatistka;Q9017214;karatistka
karcinolog;Q16868721;karcinolog
karcinoložka;Q16868721;karcinoložka
kardinál;Q45722;kardinál
kardiochirurg;Q19842026;kardiochirurg
kardiolog;Q3264451;kardiolog
kardioložka;Q3264451;kardioložka
karikaturista;Q3658608;karikaturista
karikaturistka;Q3658608;karikaturistka
karsolog;Q71051608;karsolog
karsoložka;Q71051608;karsoložka
kartograf;Q1734662;kartograf
kartografka;Q1734662;kartografka
kaskadér;Q465501;kaskadér
kaskadérka;Q465501;kaskadérka
kastelán;Q54086385;kastelán
kastelánka;Q54086385;kastelánka
kastelolog;Q26224000;kastelolog
kasteloložka;Q26224000;kasteloložka
katalogizátor;Q33109310;katalogizátor
kazatel;Q432386;kazatel
kazatelka;Q432386;kazatelka
keramička;Q7541856;keramička
kickboxer;Q11296761;kickboxer
kinantropolog;Q71051767;kinantropolog
kinantropoložka;Q71051767;kinantropoložka
kineziolog;Q16521237;kineziolog
kinezioložka;Q16521237;kinezioložka
kladivář;Q13856320;kladivář
kladivářka;Q13856320;kladivářka
klarinetista;Q118865;klarinetista
klarinetistka;Q118865;klarinetistka
klávesista;Q1075651;klávesista
klávesistka;Q1075651;klávesistka
klavírista;Q486748;klavírista
klavíristka;Q486748;klavíristka
klempířka;Q852718;klempířka
klenotnice;Q336221;klenotnice
klenotník;Q336221;klenotník
klimatolog;Q1113838;klimatolog
klimatoložka;Q1113838;klimatoložka
knihař;Q1413170;knihař
knihkupec;Q998550;knihkupec
knihkupkyně;Q998550;knihkupkyně
knihovnice;Q182436;knihovnice
knihovník;Q182436;knihovník
kolážista;Q22343478;kolážista
kolážistka;Q22343478;kolážistka
kolorista;Q1111648;kolorista
koloristka;Q1111648;koloristka
komentátor;Q1642960;komentátor
komentátorka;Q1642960;komentátorka
komička;Q245068;komička
komik;Q245068;komik
kominice;Q506126;kominice
kominík;Q506126;kominík
komorník;Q264323;komorník
komparz;Q658371;komparz
kompilátor;Q29514511;kompilátor
komunard;Q1780490;komunard
kondotiér;Q273108;kondotiér
kondotiérka;Q273108;kondotiérka
konferenciér;Q736415;konferenciér
konstábl;Q165654;konstábl
konstruktér;Q1779650;konstruktér
konstruktérka;Q1779650;konstruktérka
kontrabasista;Q1214796;kontrabasista
kontrabasistka;Q1214796;kontrabasistka
konvářství;Q63607702;konvářství
konzervátorka;Q446966;konzervátorka
konzultant;Q15978655;konzultant
konzultantka;Q15978655;konzultantka
koreanista;Q19829994;koreanista
koreanistka;Q19829994;koreanistka
korektor;Q356139;korektor
korektorka;Q356139;korektorka
korepetitor;Q1784753;korepetitor
korepetitorka;Q1784753;korepetitorka
korfbalista;Q23754399;korfbalista
kormidelník;Q2309900;kormidelník
koroner;Q1134614;koroner
korzár;Q201559;korzár
kosmetička;Q2752318;kosmetička
kosmolog;Q2998308;kosmolog
kosmonaut;Q11631;kosmonaut
kosmonautka;Q11631;kosmonautka
kostelník;Q1365552;kostelník
košíkář;Q976015;košíkář
kotlář;Q520895;kotlář
koučování;Q1104185;koučování
koulař;Q18534714;koulař
koulařka;Q18534714;koulařka
kovář;Q1639825;kovář
kovářka;Q1639825;kovářka
kovboj;Q178521;kovboj
kovolijec;Q19435686;kovolijec
kovotepec;Q838566;kovotepec
kovotepkyně;Q838566;kovotepkyně
koželuh;Q365461;koželuh
krajinář;Q21600439;krajinář
krajinářka;Q21600439;krajinářka
krajkář;Q3023339;krajkář
krajkářka;Q3023339;krajkářka
krasobruslař;Q13219587;krasobruslař
krasobruslařka;Q13219587;krasobruslařka
krejčí;Q242468;krejčí
krejčová;Q242468;krejčová
kreslič;Q683754;kreslič
kreslička;Q683754;kreslička
kriminolog;Q8142883;kriminolog
kriminoložka;Q8142883;kriminoložka
kritička;Q6430706;kritička
kritik;Q6430706;kritik
kronikář;Q3330547;kronikář
kronikářka;Q3330547;kronikářka
krupiér;Q219184;krupiér
krupiérka;Q219184;krupiérka
kryptoanalytik;Q1647775;kryptoanalytik
kryptograf;Q15442776;kryptograf
kryptografka;Q15442776;kryptografka
kryptolog;Q16390131;kryptolog
kryptoložka;Q16390131;kryptoložka
krystalograf;Q15142825;krystalograf
krystalografka;Q15142825;krystalografka
kulturista;Q15982795;kulturista
kulturistka;Q15982795;kulturistka
kulturolog;Q15462162;kulturolog
kulturoložka;Q15462162;kulturoložka
kunsthistorik;Q1792450;kunsthistorik
kurátor;Q780596;kurátor
kurátorka;Q780596;kurátorka
kybernetička;Q5197818;kybernetička
kybernetik;Q5197818;kybernetik
kynolog;Q18511915;kynolog
kynoložka;Q18511915;kynoložka
kyrysník;Q44865;kyrysník
kytarista;Q855091;kytarista
kytaristka;Q855091;kytaristka
laborant;Q1483433;laborant
latinista;Q17598791;latinista
latinistka;Q17598791;latinistka
léčitel;Q2518689;léčitel
léčitelka;Q2518689;léčitelka
lékárník;Q4379628;lékárník
lékař;Q39631;lékař
lékařka;Q39631;lékařka
lektor;Q24708213;lektor
lektorka;Q9379869;lektorka
lepidopterolog;Q497294;lepidopterolog
lepidopteroložka;Q497294;lepidopteroložka
lesník;Q1895303;lesník
lexikograf;Q14972848;lexikograf
lexikografka;Q14972848;lexikografka
lexikolog;Q16314361;lexikolog
libretista;Q8178443;libretista
libretistka;Q8178443;libretistka
lichenolog;Q15924544;lichenolog
lichenoložka;Q15924544;lichenoložka
limnolog;Q17269204;limnolog
limnoložka;Q17269204;limnoložka
literát;Q6673651;literát
litograf;Q16947657;litograf
litografka;Q16947657;litografka
liturgista;Q10567966;liturgista
liturgistka;Q10567966;liturgistka
lobbista;Q11986654;lobbista
lobbistka;Q11986654;lobbistka
lodivod;Q475604;lodivod
lodník;Q2891167;lodník
logička;Q14565331;logička
logik;Q14565331;logik
logistik;Q12033805;logistik
logograf;Q1133078;logograf
logoped;Q11762416;logoped
loutkář;Q2217284;loutkář
loutkářka;Q2217284;loutkářka
loutkoherec;Q2629392;loutkoherec
loutkoherečka;Q2629392;loutkoherečka
loutnista;Q21166956;loutnista
loutnistka;Q21166956;loutnistka
lukostřelec;Q13382355;lukostřelec
lukostřelkyně;Q13382355;lukostřelkyně
lyžař;Q4270517;lyžař
lyžařka;Q4270517;lyžařka
magistrát;Q4594605;magistrát
mahásiddha;Q1993633;mahásiddha
makléř;Q160117;makléř
makléřka;Q160117;makléřka
malakolog;Q16271261;malakolog
malakoložka;Q16271261;malakoložka
malariolog;Q17156912;malariolog
malíř;Q1028181;malíř
malířka;Q1028181;malířka
mammalog;Q16831394;mammalog
mammaloložka;Q16831394;mammaloložka
manažer;Q2462658;manažer
manažerka;Q2462658;manažerka
mandolinista;Q19723482;mandolinista
mandolinistka;Q19723482;mandolinistka
marketér;Q1900657;marketér
matematička;Q170790;matematička
matematik;Q170790;matematik
mayolog;Q2109655;mayolog
mayoložka;Q2109655;mayoložka
medailér;Q1708232;medailér
medailérka;Q1708232;medailérka
medička;Q3486937;medička
medievalista;Q3332711;medievalista
medievalistka;Q3332711;medievalistka
medik;Q3486937;medik
mědirytec;Q13365770;mědirytec
mechanička;Q327029;mechanička
metalurg;Q18576582;metalurg
metalurgyně;Q18576582;metalurgyně
meteorolog;Q2310145;meteorolog
meteoroložka;Q2310145;meteoroložka
metrolog;Q6824851;metrolog
mikrobiolog;Q3779582;mikrobiolog
mikrobioložka;Q3779582;mikrobioložka
mikroskopička;Q71102034;mikroskopička
mikroskopik;Q71102034;mikroskopik
mincmistr;Q1463475;mincmistr
mineralog;Q13416354;mineralog
mineraložka;Q13416354;mineraložka
misionář;Q219477;misionář
misionářka;Q219477;misionářka
mluvčí;Q17221;mluvčí
modelka;Q4610556;modelka
moderátor;Q13590141;moderátor
moderátorka;Q13590141;moderátorka
mongolista;Q19829967;mongolista
mongolistka;Q19829967;mongolistka
mořeplavec;Q12038843;mořeplavec
mořeplavkyně;Q12038843;mořeplavkyně
mozaikář;Q282718;mozaikář
mozaikářka;Q282718;mozaikářka
multiinstrumentalista;Q1327329;multiinstrumentalista
multiinstrumentalistka;Q1327329;multiinstrumentalistka
mušketýr;Q721960;mušketýr
muzejník;Q10333969;muzejník
muzeolog;Q10333969;muzeolog
muzeoložka;Q10333969;muzeoložka
muzikantka;Q639669;muzikantka
muzikolog;Q14915627;muzikolog
muzikoložka;Q14915627;muzikoložka
mykénolog;Q26425137;mykénolog
mykénoložka;Q26425137;mykénoložka
mykolog;Q2487799;mykolog
mykoložka;Q2487799;mykoložka
myriapodolog;Q27924982;myriapodolog
myrmekolog;Q20650437;myrmekolog
myrmekoložka;Q20650437;myrmekoložka
mytolog;Q16724455;mytolog
mytoložka;Q16724455;mytoložka
nakladatel;Q2516866;nakladatel
nakladatelka;Q2516866;nakladatelka
námořnice;Q45199;námořnice
námořník;Q45199;námořník
nanotechnolog;Q63343073;nanotechnolog
nanotechnoložka;Q63343073;nanotechnoložka
natlačovač;Q1756083;natlačovač
naturopat;Q42673468;naturopat
navrhovatel;Q14623005;navrhovatel
navrhovatelka;Q14623005;navrhovatelka
nefrolog;Q20739489;nefrolog
nefroložka;Q20739489;nefroložka
nematolog;Q21491495;nematolog
nematoložka;Q21491495;nematoložka
neonatolog;Q28569455;neonatolog
neonatoložka;Q28569455;neonatoložka
neurobiolog;Q20739288;neurobiolog
neurobioložka;Q20739288;neurobioložka
neurofyziolog;Q23719406;neurofyziolog
neurofyzioložka;Q23719406;neurofyzioložka
neurochirurg;Q9385011;neurochirurg
neurolog;Q783906;neurolog
neuroložka;Q783906;neuroložka
neuropatolog;Q15839237;neuropatolog
neurovědec;Q6337803;neurovědec
neurovědkyně;Q6337803;neurovědkyně
notář;Q189010;notář
notářka;Q189010;notářka
novinář;Q1930187;novinář
novinářka;Q1930187;novinářka
numerolog;Q79136455;numerolog
numeroložka;Q79136455;numeroložka
numismatička;Q2004963;numismatička
numismatik;Q2004963;numismatik
nummularius;Q2005008;nummularius
obezitolog;Q71102648;obezitolog
obezitoložka;Q71102648;obezitoložka
obhájce;Q512345;obhájce
obhájkyně;Q512345;obhájkyně
obuvnice;Q152355;obuvnice
obuvník;Q152355;obuvník
oceánograf;Q3546255;oceánograf
oceánografka;Q3546255;oceánografka
odstřelovač;Q201948;odstřelovač
odstřelovačka;Q201948;odstřelovačka
oftalmolog;Q12013238;oftalmolog
oftalmoložka;Q12013238;oftalmoložka
ombudsman;Q169180;ombudsman
onkolog;Q16062369;onkolog
onkoložka;Q16062369;onkoložka
optička;Q71133019;optička
organizátor;Q1419997;organizátor
organizátorka;Q1419997;organizátorka
orientalista;Q1731155;orientalista
orientalistka;Q1731155;orientalistka
ornitolog;Q1225716;ornitolog
ornitoložka;Q1225716;ornitoložka
ortoped;Q71134636;ortoped
ortopedka;Q71134636;ortopedka
otorhinolaryngolog;Q2854916;otorhinolaryngolog
paleoantropolog;Q21272406;paleoantropolog
paleoantropoložka;Q21272406;paleoantropoložka
paleobotanička;Q30059961;paleobotanička
paleobotanik;Q30059961;paleobotanik
paleoekolog;Q63865107;paleoekolog
paleoekoložka;Q63865107;paleoekoložka
paleogeograf;Q51048024;paleogeograf
paleograf;Q17132038;paleograf
paleoichthyolog;Q27808149;paleoichthyolog
paleoichthyoložka;Q27808149;paleoichthyoložka
paleontolog;Q1662561;paleontolog
paleontoložka;Q1662561;paleontoložka
pamfletista;Q16254673;pamfletista
pamfletistka;Q16254673;pamfletistka
paparazzi;Q156624;paparazzi
paraprofesionál;Q7135767;paraprofesionál
parapsycholog;Q3363630;parapsycholog
parašutista;Q6060450;parašutista
parašutistka;Q6060450;parašutistka
parazitolog;Q12773412;parazitolog
parazitoložka;Q12773412;parazitoložka
parkourista;Q2568073;parkourista
parodik;Q12331010;parodik
pasekář;Q61357045;pasekář
pastevec;Q12059906;pastevec
patobiochemička;Q71103068;patobiochemička
patobiochemik;Q71103068;patobiochemik
patofyziolog;Q71135051;patofyziolog
patofyzioložka;Q71135051;patofyzioložka
patolog;Q3368718;patolog
patoložka;Q3368718;patoložka
pavědkyně;Q22082749;pavědkyně
páže;Q855855;páže
pedagog;Q1231865;pedagog
pedagožka;Q1231865;pedagožka
pediatr;Q1919436;pediatr
pediatrička;Q1919436;pediatrička
pedolog;Q28378128;pedolog
pedoložka;Q28378128;pedoložka
penitenciář;Q3899085;penitenciář
performer;Q10774753;performer
perinatolog;Q66041138;perinatolog
perkusionista;Q4351403;perkusionista
perkusionistka;Q4351403;perkusionistka
personalistika;Q1056396;personalistika
petrolog;Q19356817;petrolog
petroložka;Q19356817;petroložka
pikenýr;Q1778520;pikenýr
pilot;Q2095549;pilot
pilotka;Q2095549;pilotka
písmolijec;Q2249955;písmolijec
písničkář;Q488205;písničkář
písničkářka;Q488205;písničkářka
pivovarník;Q836904;pivovarník
plachtář;Q549237;plachtář
pneumolog;Q24017632;pneumolog
pneumoložka;Q24017632;pneumoložka
poddůstojník;Q158950;poddůstojník
podjáhen;Q1056310;podjáhen
podkovář;Q694579;podkovář
podkovářka;Q694579;podkovářka
podnikatel;Q131524;podnikatel
podnikatelka;Q131524;podnikatelka
pohádkář;Q4421425;pohádkář
pohodný;Q307732;pohodný
pokladnice;Q1735282;pokladnice
pokojská;Q833860;pokojská
pokrývač;Q552378;pokrývač
pokrývačka;Q552378;pokrývačka
policista;Q384593;policista
policistka;Q384593;policistka
pólista;Q13218361;pólista
politička;Q82955;politička
politik;Q82955;politik
politolog;Q1238570;politolog
politoložka;Q1238570;politoložka
polonista;Q20179720;polonista
polyglot;Q323081;polyglot
polygraf;Q2330979;polygraf
pomolog;Q28319434;pomolog
ponocný;Q7973168;ponocný
ponorkář;Q3492027;ponorkář
ponorkářka;Q3492027;ponorkářka
porodník;Q13638192;porodník
poslanec;Q1055894;poslanec
poslankyně;Q1055894;poslankyně
posunovač;Q2130943;posunovač
poštmistr;Q1416611;poštmistr
povídkář;Q15949613;povídkář
povídkářka;Q15949613;povídkářka
pozlacovač;Q281795;pozlacovač
pozounista;Q544972;pozounista
pozounistka;Q544972;pozounistka
právnička;Q185351;právnička
právník;Q185351;právník
preceptor;Q499143;preceptor
prehistorička;Q17488316;prehistorička
prehistorik;Q17488316;prehistorik
prelát;Q725440;prelát
presbyter;Q59459402;presbyter
primas;Q326330;primas
primatolog;Q16825962;primatolog
primatoložka;Q16825962;primatoložka
probošt;Q756215;probošt
prodavač;Q685433;prodavač
prodavačka;Q685433;prodavačka
producent;Q13235160;producent
producentka;Q13235160;producentka
produkční;Q2548714;produkční
profesor;Q121594;profesor
profesorka;Q121594;profesorka
prognostik;Q12047093;prognostik
programátor;Q5482740;programátor
programátorka;Q5482740;programátorka
projektant;Q14623005;projektant
projektantka;Q14623005;projektantka
proktolog;Q27334449;proktolog
proktoložka;Q27334449;proktoložka
prokurátor;Q7247537;prokurátor
prokurátorka;Q7257955;prokurátorka
promotér;Q2378505;promotér
prorektor;Q2113250;prorektor
prostitut;Q14915751;prostitut
prostitutka;Q14915751;prostitutka
protetik;Q2031939;protetik
protojerej;Q1266260;protojerej
protonotář;Q1177007;protonotář
prozaička;Q12144794;prozaička
prozaik;Q12144794;prozaik
průmyslník;Q6606110;průmyslník
průmyslnice;Q6606110;průmyslnice
průvodce;Q1039099;průvodce
průvodčí;Q228422;průvodčí
přednášející;Q1569495;přednášející
předseda;Q140686;předseda
předsedkyně;Q140686;předsedkyně
překážkář;Q13724897;překážkář
překážkářka;Q13724897;překážkářka
překladatel;Q333634;překladatel
překladatelka;Q333634;překladatelka
přírodovědec;Q18805;přírodovědec
přírodovědkyně;Q18805;přírodovědkyně
pseudovědec;Q22082749;pseudovědec
pseudovědkyně;Q22082749;pseudovědkyně
psovod;Q1637410;psovod
psychiatr;Q211346;psychiatr
psychiatrička;Q211346;psychiatrička
psychoanalytička;Q3410028;psychoanalytička
psychoanalytik;Q3410028;psychoanalytik
psycholog;Q212980;psycholog
psycholožka;Q212980;psycholožka
psychopatolog;Q71114279;psychopatolog
psychopatoložka;Q71114279;psychopatoložka
psychoterapeut;Q1900167;psychoterapeut
psychoterapeutka;Q1900167;psychoterapeutka
pteridolog;Q16334509;pteridolog
pteridoložka;Q16334509;pteridoložka
publicista;Q6051619;publicista
publicistka;Q6051619;publicistka
punčochář;Q52316029;punčochář
purkmistr;Q177529;purkmistr
radiobiolog;Q21202260;radiobiolog
radiobioložka;Q21202260;radiobioložka
radiolog;Q18245236;radiolog
radioložka;Q18245236;radioložka
radioterapeut;Q2046313;radioterapeut
radioterapeutka;Q2046313;radioterapeutka
radista;Q1318390;radista
radistka;Q1318390;radistka
ranhojič;Q781850;ranhojič
rancher;Q1524582;rancher
rapper;Q2252262;rapper
rapperka;Q2252262;rapperka
recenzent;Q10650082;recenzent
recenzentka;Q10650082;recenzentka
redaktor;Q876864;redaktor
redaktorka;Q876864;redaktorka
regentka;Q477406;regentka
rekreolog;Q67996984;rekreolog
rekreoložka;Q67996984;rekreoložka
religionista;Q19829980;religionista
religionistka;Q19829990;religionistka
reolog;Q71124627;reolog
reoložka;Q71124627;reoložka
repetent;Q2144983;repetent
reportér;Q42909;reportér
reportérka;Q42909;reportérka
restauratér;Q3427922;restauratér
restauratérka;Q3427922;restauratérka
restaurátor;Q2145981;restaurátor
restaurátorka;Q2145981;restaurátorka
retailer;Q12049274;retailer
revmatolog;Q5997943;revmatolog
revmatoložka;Q5997943;revmatoložka
režisér;Q3455803;režisér
režisérka;Q3455803;režisérka
romanista;Q2504617;romanista
romanistka;Q2504617;romanistka
romanopisec;Q6625963;romanopisec
romanopiskyně;Q6625963;romanopiskyně
rozhodčí;Q202648;rozhodčí
rubrikátor;Q15881498;rubrikátor
rusista;Q60098894;rusista
rusistka;Q60098894;rusistka
rytkyně;Q329439;rytkyně
řeholnice;Q2566598;řeholnice
řeholník;Q2566598;řeholník
řemeslnice;Q1294787;řemeslnice
řemeslník;Q1294787;řemeslník
řezbář;Q6138343;řezbář
řezbářka;Q6138343;řezbářka
řidička;Q216541;řidička
salonierka;Q3068305;salonierka
saloniérka;Q3068305;saloniérka
sambista;Q23927336;sambista
sambistka;Q23927336;sambistka
sanitář;Q1497094;sanitář
sáňkař;Q13382981;sáňkař
sáňkařka;Q13382981;sáňkařka
sapér;Q1324245;sapér
saxofonista;Q12800682;saxofonista
saxofonistka;Q12800682;saxofonistka
sazeč;Q4108101;sazeč
sazečka;Q4108101;sazečka
sbormistr;Q1076502;sbormistr
sbormistryně;Q1076502;sbormistryně
scenárista;Q28389;scenárista
scenáristka;Q28389;scenáristka
scénograf;Q2707485;scénograf
scénografka;Q2707485;scénografka
sdruženář;Q13382605;sdruženář
sdruženářka;Q13382605;sdruženářka
sedlář;Q1760988;sedlář
sedmibojař;Q21141393;sedmibojař
sedmibojařka;Q21141393;sedmibojařka
seismolog;Q12051314;seismolog
seismoložka;Q12051314;seismoložka
sekretář;Q80687;sekretář
sekretářka;Q80687;sekretářka
sekuriťák;Q856887;sekuriťák
selenograf;Q17276298;selenograf
sémiotička;Q16402907;sémiotička
sémiotik;Q16402907;sémiotik
sexuolog;Q2920595;sexuolog
sexuoložka;Q2920595;sexuoložka
showrunner;Q1440873;showrunner
signalista;Q1455706;signalista
sinolog;Q15255771;sinolog
sinoložka;Q15255771;sinoložka
sítařství;Q9337285;sítařství
skandinavista;Q26700841;skandinavista
skandinavistka;Q26700841;skandinavistka
skateboardista;Q17502714;skateboardista
skateboardistka;Q17502714;skateboardistka
skeletonista;Q13388442;skeletonista
skladnice;Q1391362;skladnice
skladník;Q1391362;skladník
sklenář;Q664283;sklenář
skript;Q1263187;skript
skřipkař;Q3560496;skřipkař
slavista;Q15976341;slavista
slavistka;Q15976341;slavistka
sloupkař;Q1086863;sloupkař
sloupkařka;Q1086863;sloupkařka
slovenista;Q60538989;slovenista
slovenistka;Q60538989;slovenistka
sociobiolog;Q19356916;sociobiolog
sociolingvista;Q15976717;sociolingvista
sociolingvistka;Q15976717;sociolingvistka
sociolog;Q2306091;sociolog
socioložka;Q2306091;socioložka
softballista;Q13388586;softballista
softballistka;Q13388586;softballistka
sochař;Q1281618;sochař
sochařka;Q1281618;sochařka
sommelier;Q191493;sommelier
soprán;Q30903;soprán
soudce;Q16533;soudce
soudkyně;Q16533;soudkyně
speleolog;Q16742175;speleolog
speleoložka;Q16742175;speleoložka
spirituál;Q45684;spirituál
spisovatel;Q36180;spisovatel
spisovatelka;Q36180;spisovatelka
sprinter;Q4009406;sprinter
sprinterka;Q4009406;sprinterka
statička;Q2305987;statička
statik;Q2305987;statik
statistička;Q2732142;statistička
statistik;Q2732142;statistik
stenograf;Q18810149;stenograf
stenografka;Q18810149;stenografka
stevard;Q95613235;stevard
stomatolog;Q16061291;stomatolog
stomatoložka;Q16061291;stomatoložka
strojvedoucí;Q2775569;strojvedoucí
střihač;Q7042855;střihač
střihačka;Q7042855;střihačka
studnař;Q992778;studnař
suflér;Q1126281;suflér
supermodelka;Q865851;supermodelka
šachista;Q10873124;šachista
šachistka;Q10873124;šachistka
šansoniér;Q13391399;šansoniér
šansoniérka;Q13391399;šansoniérka
šarlatánka;Q22082749;šarlatánka
šéfdirigent;Q1198887;šéfdirigent
šéfkuchař;Q3499072;šéfkuchař
šéfkuchařka;Q3499072;šéfkuchařka
šéfredaktor;Q589298;šéfredaktor
šéfredaktorka;Q589298;šéfredaktorka
školník;Q10405943;školník
štukatér;Q15284879;štukatér
taekwondista;Q13382533;taekwondista
taekwondistka;Q13382533;taekwondistka
tanečnice;Q5716684;tanečnice
tanečník;Q5716684;tanečník
tankista;Q4451210;tankista
taxonom;Q1907198;taxonom
taxonomka;Q1907198;taxonomka
teatrolog;Q10379007;teatrolog
teatroložka;Q10379007;teatroložka
technička;Q5352191;technička
telegrafista;Q2024200;telegrafista
telegrafistka;Q2024200;telegrafistka
tenista;Q10833314;tenista
tenistka;Q10833314;tenistka
teolog;Q1234713;teolog
teoložka;Q1234713;teoložka
terapeut;Q2419397;terapeut
tesařství;Q203605;tesařství
tetrarcha;Q2623293;tetrarcha
textař;Q822146;textař
textařka;Q822146;textařka
tibetolog;Q1864603;tibetolog
tiskařka;Q175151;tiskařka
tlumočnice;Q11085831;tlumočnice
tlumočník;Q11085831;tlumočník
topička;Q1147709;topička
topograf;Q2443377;topograf
topolog;Q18663426;topolog
topoložka;Q18663426;topoložka
toreador;Q549322;toreador
toxikolog;Q4459623;toxikolog
toxikoložka;Q4459623;toxikoložka
transfuziolog;Q60176870;transfuziolog
transfuzioložka;Q60176870;transfuzioložka
translatolog;Q49199851;translatolog
translatoložka;Q49199851;translatoložka
transplantolog;Q7834824;transplantolog
transplantoložka;Q7834824;transplantoložka
triatlonista;Q15306067;triatlonista
triatlonistka;Q15306067;triatlonistka
trojskokan;Q13848274;trojskokan
trumpetista;Q12377274;trumpetista
trumpetistka;Q12377274;trumpetistka
turkolog;Q13210922;turkolog
turkoložka;Q13210922;turkoložka
učitel;Q37226;učitel
učitelka;Q37226;učitelka
ufolog;Q18921227;ufolog
ufoložka;Q18921227;ufoložka
ultramaratonec;Q19827218;ultramaratonec
umělec;Q483501;umělec
umělkyně;Q483501;umělkyně
urbanista;Q131062;urbanista
urbanistka;Q131062;urbanistka
urolog;Q17345122;urolog
uroložka;Q17345122;uroložka
úřednice;Q212238;úřednice
úředník;Q599151;úředník
varhanář;Q1937431;varhanář
varhanářka;Q1937431;varhanářka
varhanice;Q765778;varhanice
varhaník;Q765778;varhaník
včelař;Q852389;včelař
včelařka;Q852389;včelařka
vědec;Q901;vědec
vědkyně;Q901;vědkyně
vexilolog;Q58054039;vexilolog
vibrafonista;Q21855974;vibrafonista
videograf;Q3766177;videograf
vinař;Q897317;vinař
violista;Q899758;violista
violistka;Q899758;violistka
violoncellista;Q13219637;violoncellista
violoncellistka;Q13219637;violoncellistka
virolog;Q15634281;virolog
viroložka;Q15634281;viroložka
vojačka;Q4991371;vojačka
voják;Q4991371;voják
vojevůdce;Q1402561;vojevůdce
vojevůdkyně;Q1402561;vojevůdkyně
vokalista;Q2643890;vokalista
vokalistka;Q2643890;vokalistka
volejbalista;Q15117302;volejbalista
volejbalistka;Q15117302;volejbalistka
vulkanolog;Q7940086;vulkanolog
vulkanoložka;Q7940086;vulkanoložka
vydavatel;Q2516866;vydavatel
vydavatelka;Q2516866;vydavatelka
vychovatel;Q974144;vychovatel
vychovatelka;Q974144;vychovatelka
vynálezce;Q205375;vynálezce
vynálezkyně;Q205375;vynálezkyně
výpravčí;Q1392297;výpravčí
vypravěč;Q755070;vypravěč
vypravěčka;Q11620676;vypravěčka
výrobkyně;Q6606110;výrobkyně
výsadkář;Q749387;výsadkář
výtvarnice;Q3391743;výtvarnice
výtvarník;Q3391743;výtvarník
vývojář;Q183888;vývojář
vývojářka;Q183888;vývojářka
windsurfista;Q13382487;windsurfista
zahradnice;Q3140857;zahradnice
zahradník;Q3140857;zahradník
záchranář;Q17126809;záchranář
záchranářka;Q17126809;záchranářka
zámečnice;Q3479990;zámečnice
zámečník;Q3479990;zámečník
zápasnice;Q12369333;zápasnice
zápasník;Q12369333;zápasník
závodnice;Q378622;závodnice
závodník;Q378622;závodník
závorář;Q152307;závorář
závozník;Q19941977;závozník
zbrojíř;Q885444;zbrojíř
zemědělec;Q131512;zemědělec
zemědělkyně;Q131512;zemědělkyně
zeměměřič;Q294126;zeměměřič
zeměměřička;Q294126;zeměměřička
zlatnice;Q211423;zlatnice
zlatník;Q211423;zlatník
zlatokop;Q19691902;zlatokop
zlatotepec;Q1752776;zlatotepec
zoolog;Q350979;zoolog
zooložka;Q350979;zooložka
zootechnička;Q220364;zootechnička
zootechnik;Q220364;zootechnik
zpěvačka;Q177220;zpěvačka
zpěvák;Q177220;zpěvák
zubař;Q27349;zubař
zubařka;Q27349;zubařka
zvukař;Q2442108;zvukař
železničář;Q7063944;železničář
ženistka;Q151197;ženistka
životopisec;Q864380;životopisec
životopiskyně;Q864380;životopiskyně
žokej;Q846750;žokej
žokejka;Q846750;žokejka
žoldnéř;Q178197;žoldnéř
kamenosochař;Q17305500;kamenosochař
accountmanager;Q339475;account manager
advokátníkoncipient;Q2982634;advokátní koncipient
agrárníhistorička;Q17486321;agrární historička
agrárníhistorik;Q17486321;agrární historik
akademickýhudebník;Q19747285;akademický hudebník
akrobatickályžařka;Q18617021;akrobatická lyžařka
akrobatickýlyžař;Q18617021;akrobatický lyžař
analytickáchemička;Q43668003;analytická chemička
analytickýfilozof;Q18930418;analytický filozof
analytickýchemik;Q43668003;analytický chemik
anglikánskýkněz;Q3409375;anglikánský kněz
anorganickýchemik;Q71116296;anorganický chemik
apoštolskýnuncius;Q157037;apoštolský nuncius
apoštolskývikář;Q15253909;apoštolský vikář
architektonickýteoretik;Q17391659;architektonický teoretik
asistentrežie;Q1757008;asistent režie
asistentrozhodčího;Q223291;asistent rozhodčího
asistentsoudce;Q883231;asistent soudce
asistentučitele;Q2070313;asistent učitele
asistentkarozhodčího;Q223291;asistentka rozhodčího
atletickátrenérka;Q19827985;atletická trenérka
atletickýtrenér;Q19827985;atletický trenér
atrakčníumělec;Q16009483;atrakční umělec
automobilovázávodnice;Q10349745;automobilová závodnice
automobilovýzávodník;Q10349745;automobilový závodník
autorcestopisů;Q3579035;autor cestopisů
autordětskéliteratury;Q4853732;autor dětské literatury
autordialogů;Q3026032;autor dialogů
autorher;Q1544133;autor her
autorkomedií;Q11914886;autor komedií
autorkomiksů;Q715301;autor komiksů
autormemoárů;Q11774156;autor memoárů
autorpísní;Q753110;autor písní
autorplakátů;Q739437;autor plakátů
autorpředmluvy;Q19839393;autor předmluvy
autorscénickýchadaptací;Q1020593;autor scénických adaptací
autorsci-fi;Q18844224;autor sci-fi
autortragédií;Q22073916;autor tragédií
autorkacestopisů;Q3579035;autorka cestopisů
autorkadětskéliteratury;Q4853732;autorka dětské literatury
autorkaher;Q1544133;autorka her
autorkakomedií;Q11914886;autorka komedií
autorkakomiksů;Q715301;autorka komiksů
autorkamemoárů;Q11774156;autorka memoárů
autorkapísní;Q753110;autorka písní
autorkaplakátů;Q739437;autorka plakátů
autorkascénickýchadaptací;Q1020593;autorka scénických adaptací
autorkasci-fi;Q18844224;autorka sci-fi
baletnímistr;Q805253;baletní mistr
baletnítanečník;Q805221;baletní tanečník
báňskáinženýrka;Q18524075;báňská inženýrka
báňskýinženýr;Q18524075;báňský inženýr
báňskýzáchranář;Q67100953;báňský záchranář
behaviorálníterapeut;Q16746890;behaviorální terapeut
běžecnadlouhétratě;Q4439155;běžec na dlouhé tratě
běžecnalyžích;Q13382608;běžec na lyžích
běžecnastřednědlouhétratě;Q13381753;běžec na středně dlouhé tratě
běžkyněnadlouhétratě;Q4439155;běžkyně na dlouhé tratě
běžkyněnalyžích;Q13382608;běžkyně na lyžích
běžkyněnastřednědlouhétratě;Q13381753;běžkyně na středně dlouhé tratě
biatlonovátrenérka;Q19960661;biatlonová trenérka
biatlonovýtrenér;Q19960661;biatlonový trenér
biskupkoadjutor;Q853982;biskup koadjutor
biskupskývikář;Q201257;biskupský vikář
botanickáilustrátorka;Q3148760;botanická ilustrátorka
botanickýilustrátor;Q3148760;botanický ilustrátor
bruslařnainlinebruslích;Q50259293;bruslař na inline bruslích
buněčnábioložka;Q15839136;buněčná bioložka
buněčnýbiolog;Q15839136;buněčný biolog
burzovnímakléř;Q4182927;burzovní makléř
burzovnímakléřka;Q4182927;burzovní makléřka
castingovárežisérka;Q1049296;castingová režisérka
castingovýrežisér;Q1049296;castingový režisér
církevníhistorička;Q1743122;církevní historička
církevníhistorik;Q1743122;církevní historik
církevnísoudce;Q5332242;církevní soudce
církevnísoudkyně;Q5332242;církevní soudkyně
cirkusováartistka;Q17307272;cirkusová artistka
cirkusovýartista;Q17307272;cirkusový artista
císařskýprinc;Q28495701;císařský princ
curatoraquarum;Q3007616;curator aquarum
částicováfyzička;Q63017728;částicová fyzička
částicovýfyzik;Q63017728;částicový fyzik
člendozorčírady;Q63858690;člen dozorčí rady
daňováporadkyně;Q688576;daňová poradkyně
daňovýporadce;Q688576;daňový poradce
datováanalytička;Q77293133;datová analytička
datováspecialistka;Q29169143;datová specialistka
datovýanalytik;Q77293133;datový analytik
datovýspecialista;Q29169143;datový specialista
dentálníhygienista;Q1079856;dentální hygienista
dentálníhygienistka;Q1079856;dentální hygienistka
designérosvětlení;Q1823479;designér osvětlení
designéršperků;Q2519376;designér šperků
designérkašperků;Q2519376;designérka šperků
dětskáherečka;Q970153;dětská herečka
dětskápsychiatrička;Q28136886;dětská psychiatrička
dětskýpsychiatr;Q28136886;dětský psychiatr
diplomovanýúčetní;Q1108818;diplomovaný účetní
dispečerleteckédopravy;Q5459329;dispečer letecké dopravy
divadelníherec;Q2259451;divadelní herec
divadelníherečka;Q2259451;divadelní herečka
divadelníkritička;Q17337766;divadelní kritička
divadelníkritik;Q17337766;divadelní kritik
divadelnípedagog;Q2449921;divadelní pedagog
divadelnípedagožka;Q2449921;divadelní pedagožka
divadelníproducent;Q1759246;divadelní producent
divadelnírežisér;Q3387717;divadelní režisér
divadelnírežisérka;Q3387717;divadelní režisérka
divadelníředitel;Q1776724;divadelní ředitel
divadelníředitelka;Q1776724;divadelní ředitelka
drogovýdealer;Q3020602;drogový dealer
duchovnísprávce;Q352507;duchovní správce
důstojníkletectva;Q19934710;důstojník letectva
dvojitýagent;Q1058375;dvojitý agent
editornovin;Q17351648;editor novin
editorkanovin;Q17351648;editorka novin
ekonomickáhistorička;Q17488363;ekonomická historička
ekonomickýexpert;Q11606480;ekonomický expert
ekonomickýhistorik;Q17488363;ekonomický historik
emocionálnípsycholog;Q16748751;emocionální psycholog
evolučníbiolog;Q16063497;evoluční biolog
experimentálníbotanička;Q71127094;experimentální botanička
experimentálníbotanik;Q71127094;experimentální botanik
experimentálnífyzička;Q29909337;experimentální fyzička
experimentálnífyzik;Q29909337;experimentální fyzik
experimentálníhudebnice;Q19588578;experimentální hudebnice
experimentálníhudebník;Q19588578;experimentální hudebník
experimentálníumělec;Q15977906;experimentální umělec
farmaceutickáchemička;Q71049973;farmaceutická chemička
farmaceutickýchemik;Q71049973;farmaceutický chemik
filmováarchitektka;Q2962070;filmová architektka
filmovádokumentaristka;Q1235146;filmová dokumentaristka
filmováherečka;Q10800557;filmová herečka
filmovákritička;Q4220892;filmová kritička
filmováproducentka;Q3282637;filmová producentka
filmovárežisérka;Q2526255;filmová režisérka
filmováteoretička;Q17391605;filmová teoretička
filmovýarchitekt;Q2962070;filmový architekt
filmovýdokumentarista;Q1235146;filmový dokumentarista
filmovýherec;Q10800557;filmový herec
filmovýhistorik;Q20971250;filmový historik
filmovýkritik;Q4220892;filmový kritik
filmovýproducent;Q3282637;filmový producent
filmovýrežisér;Q2526255;filmový režisér
filmovýteoretik;Q17391605;filmový teoretik
filmovývědec;Q4220878;filmový vědec
filozofjazyka;Q18930236;filozof jazyka
filozofvěd;Q16389557;filozof věd
filozofkajazyka;Q18930236;filozofka jazyka
filozofkavěd;Q16389557;filozofka věd
finančníanalytička;Q1416279;finanční analytička
finančníanalytik;Q1416279;finanční analytik
finančníporadce;Q683476;finanční poradce
finančníporadkyně;Q683476;finanční poradkyně
fitnessinstruktor;Q8563456;fitness instruktor
florbalovátrenérka;Q26156291;florbalová trenérka
foodkritik;Q1495660;food kritik
forenznívědec;Q15941468;forenzní vědec
forenznívědkyně;Q15941468;forenzní vědkyně
fotbalovározhodčí;Q859528;fotbalová rozhodčí
fotbalovátrenérka;Q628099;fotbalová trenérka
fotbalovýrozhodčí;Q859528;fotbalový rozhodčí
fotbalovýtrenér;Q628099;fotbalový trenér
fyzikálníchemička;Q16744668;fyzikální chemička
fyzikálníchemik;Q16744668;fyzikální chemik
grafickádesignérka;Q627325;grafická designérka
grafickýdesignér;Q627325;grafický designér
gymnaziálníprofesor;Q1558050;gymnaziální profesor
hernínávrhář;Q3630699;herní návrhář
hernínávrhářka;Q3630699;herní návrhářka
herníprogramátor;Q863368;herní programátor
historičkaarchitektury;Q11486702;historička architektury
historičkafilosofie;Q24265174;historička filosofie
historičkakartografie;Q17488392;historička kartografie
historičkaklasickéhostarověku;Q20873384;historička klasického starověku
historičkalékařství;Q15985128;historička lékařství
historičkamatematiky;Q17486330;historička matematiky
historičkanovověku;Q17489339;historička novověku
historičkatance;Q56598083;historička tance
historičkatechniky;Q17486338;historička techniky
historičkaumění;Q1792450;historička umění
historikarchitektury;Q11486702;historik architektury
historikfilosofie;Q24265174;historik filosofie
historikfotografie;Q59273517;historik fotografie
historikkartografie;Q17488392;historik kartografie
historiklékařství;Q15985128;historik lékařství
historikmatematiky;Q17486330;historik matematiky
historiknovověku;Q17489339;historik novověku
historikpráva;Q2135538;historik práva
historiktance;Q56598083;historik tance
historiktechniky;Q17486338;historik techniky
historikvědy;Q16063546;historik vědy
hlasováherečka;Q2405480;hlasová herečka
hlasovátrenérka;Q2350126;hlasová trenérka
hlasovýherec;Q2405480;hlasový herec
hlasovýtrenér;Q2350126;hlasový trenér
hlavnítrenér;Q3246315;hlavní trenér
hokejovátrenérka;Q5137576;hokejová trenérka
hokejovýrozhodčí;Q1757103;hokejový rozhodčí
hokejovýtrenér;Q5137576;hokejový trenér
horskývůdce;Q819677;horský vůdce
hrudníchirurgie;Q2964004;hrudní chirurgie
hudebníaranžér;Q1643514;hudební aranžér
hudebníaranžérka;Q1643514;hudební aranžérka
hudebníhistorička;Q20198542;hudební historička
hudebníhistorik;Q20198542;hudební historik
hudebníjednatel;Q3089940;hudební jednatel
hudebníjednatelka;Q3089940;hudební jednatelka
hudebníkritička;Q1350157;hudební kritička
hudebníkritik;Q1350157;hudební kritik
hudebnípedagog;Q16145150;hudební pedagog
hudebnípedagožka;Q16145150;hudební pedagožka
hudebníproducentka;Q183945;hudební producentka
hudebnískladatel;Q36834;hudební skladatel
hudebnískladatelka;Q36834;hudební skladatelka
hudebníteoretička;Q16031530;hudební teoretička
hudebníteoretik;Q16031530;hudební teoretik
hudebnívydavatel;Q222836;hudební vydavatel
hudebnížurnalista;Q20669622;hudební žurnalista
hudebnížurnalistka;Q20669622;hudební žurnalistka
hypotečníporadce;Q1278442;hypoteční poradce
chemickátechnoložka;Q5090503;chemická technoložka
chemickýtechnolog;Q5090503;chemický technolog
choreografkrasobruslení;Q55284884;choreograf krasobruslení
choreografkakrasobruslení;Q55284884;choreografka krasobruslení
chovatelkoní;Q16000367;chovatel koní
chrámováprostituce;Q1413317;chrámová prostituce
informačníinženýr;Q60461982;informační inženýr
informačníinženýrka;Q60461982;informační inženýrka
informačnímanažer;Q60462007;informační manažer
informačnípracovnice;Q1662485;informační pracovnice
informačnípracovník;Q1662485;informační pracovník
inlinehokejista;Q65697958;inline hokejista
investigativníreportér;Q15931838;investigativní reportér
investigativníreportérka;Q15931838;investigativní reportérka
inženýrchemie;Q7888586;inženýr chemie
inženýrkachemie;Q7888586;inženýrka chemie
jadernáfyzička;Q16742096;jaderná fyzička
jadernáchemička;Q71051447;jaderná chemička
jadernýfyzik;Q16742096;jaderný fyzik
jadernýchemik;Q71051447;jaderný chemik
jazykovýtvůrce;Q1206912;jazykový tvůrce
jazzováhudebnice;Q15981151;jazzová hudebnice
jazzovýhudebník;Q15981151;jazzový hudebník
jazzovýkytarista;Q6168364;jazzový kytarista
jevištníiluzionista;Q15855449;jevištní iluzionista
kancelářskýúředník;Q738142;kancelářský úředník
katolickýarcibiskup;Q48629921;katolický arcibiskup
katolickýbiskup;Q611644;katolický biskup
katolickýkněz;Q250867;katolický kněz
klasickáarcheoložka;Q15983985;klasická archeoložka
klasickáfiloložka;Q16267607;klasická filoložka
klasickákytaristka;Q24067349;klasická kytaristka
klasickýarcheolog;Q15983985;klasický archeolog
klasickýfilolog;Q16267607;klasický filolog
klasickýkytarista;Q24067349;klasický kytarista
klinickápsycholožka;Q1113899;klinická psycholožka
klinickýbiolog;Q2904166;klinický biolog
klinickýpsycholog;Q1113899;klinický psycholog
komiksováscenáristka;Q11892507;komiksová scenáristka
komiksovýscenárista;Q11892507;komiksový scenárista
konceptuálníumělec;Q21550489;konceptuální umělec
konceptuálníumělkyně;Q21550489;konceptuální umělkyně
koncertnímanažer;Q3533840;koncertní manažer
koncertnímistr;Q691031;koncertní mistr
kostýmnínávrhář;Q1323191;kostýmní návrhář
kostýmnínávrhářka;Q1323191;kostýmní návrhářka
kreativníředitel;Q667982;kreativní ředitel
kreativníředitelka;Q667982;kreativní ředitelka
kriketovýrozhodčí;Q2143894;kriketový rozhodčí
kritičkaumění;Q4164507;kritička umění
kritikumění;Q4164507;kritik umění
kulturníantropolog;Q30131998;kulturní antropolog
kulturníantropoložka;Q30131998;kulturní antropoložka
kulturníkritik;Q20020377;kulturní kritik
kurátorsbírky;Q674426;kurátor sbírky
kurátorkasbírky;Q674426;kurátorka sbírky
kvantováchemička;Q66738131;kvantová chemička
kvantováoptička;Q71133415;kvantová optička
kvantovýfyzik;Q16745601;kvantový fyzik
kvantovýchemik;Q66738131;kvantový chemik
kvantovýoptik;Q71133415;kvantový optik
lékařskýspisovatel;Q18533509;lékařský spisovatel
lesníinženýr;Q16021386;lesní inženýr
lesníinženýrka;Q16021386;lesní inženýrka
leteckáinženýrka;Q10497074;letecká inženýrka
leteckákonstruktérka;Q20972719;letecká konstruktérka
leteckýinženýr;Q10497074;letecký inženýr
leteckýkapitán;Q1146304;letecký kapitán
leteckýkonstruktér;Q20972719;letecký konstruktér
leteckýpozorovatel;Q4698345;letecký pozorovatel
letovýchirurg;Q17014120;letový chirurg
letovýinstruktor;Q379318;letový instruktor
literárníhistorička;Q13570226;literární historička
literárníhistorik;Q13570226;literární historik
literárníkritička;Q4263842;literární kritička
literárníkritik;Q4263842;literární kritik
literárnípřekladatel;Q9363889;literární překladatel
literárnípřekladatelka;Q9363889;literární překladatelka
literárníteoretička;Q15962340;literární teoretička
literárníteoretik;Q15962340;literární teoretik
literárnívědec;Q17167049;literární vědec
literárnívědkyně;Q17167049;literární vědkyně
lodníinženýr;Q1644847;lodní inženýr
lodníinženýrka;Q1644847;lodní inženýrka
lodníkonstruktér;Q2860259;lodní konstruktér
maratonskáběžkyně;Q13382460;maratonská běžkyně
maratonskýběžec;Q13382460;maratonský běžec
materiálovávědkyně;Q21329070;materiálová vědkyně
materiálovývědec;Q21329070;materiálový vědec
mediálníkritik;Q19251029;mediální kritik
ministerskýúředník;Q1937003;ministerský úředník
mistrynězvuku;Q2442108;mistryně zvuku
moderátorzpráv;Q270389;moderátor zpráv
moderátorkazpráv;Q270389;moderátorka zpráv
modernígymnastka;Q24037210;moderní gymnastka
modernípětibojař;Q15972912;moderní pětibojař
modernípětibojařka;Q15972912;moderní pětibojařka
módníeditor;Q5436767;módní editor
módníeditorka;Q5436767;módní editorka
módnífotograf;Q19698265;módní fotograf
módnínávrhář;Q3501317;módní návrhář
módnínávrhářka;Q3501317;módní návrhářka
módnístylista;Q3237618;módní stylista
módnístylistka;Q3237618;módní stylistka
molekulárníbiolog;Q15839206;molekulární biolog
molekulárníbioložka;Q15839206;molekulární bioložka
molekulárnígenetička;Q15839158;molekulární genetička
molekulárnígenetik;Q15839158;molekulární genetik
mořskábioložka;Q3640160;mořská bioložka
mořskýbiolog;Q3640160;mořský biolog
motivačnířečník;Q15982858;motivační řečník
motocyklovázávodnice;Q3014296;motocyklová závodnice
motocyklovýzávodník;Q3014296;motocyklový závodník
náboženskáhistorička;Q17488357;náboženská historička
náboženskýhistorik;Q17488357;náboženský historik
námořnídůstojník;Q10669499;námořní důstojník
nemocničníkaplan;Q16335867;nemocniční kaplan
nemocničníkaplanka;Q16335867;nemocniční kaplanka
normativnílingvista;Q61963619;normativní lingvista
normativnílingvistka;Q61963619;normativní lingvistka
notářskýkoncipient;Q319341;notářský koncipient
novinářskáfotografka;Q957729;novinářská fotografka
obchodnímanažerka;Q2961975;obchodní manažerka
obchodníředitelka;Q2961975;obchodní ředitelka
obchodníksuměním;Q173950;obchodník s uměním
odbornáasistentka;Q5669847;odborná asistentka
odbornicenagender;Q63952000;odbornice na gender
odbornicenavýživu;Q2576499;odbornice na výživu
odborníknagender;Q63952000;odborník na gender
odborníknavýživu;Q2576499;odborník na výživu
odbornýasistent;Q5669847;odborný asistent
odbornýlékař;Q3332438;odborný lékař
odpovědnýredaktor;Q55836388;odpovědný redaktor
okresníškolníinspektor;Q66316852;okresní školní inspektor
opernípěvec;Q2865819;operní pěvec
opernípěvkyně;Q2865819;operní pěvkyně
opernírežisér;Q28054786;operní režisér
opernírežisérka;Q28054786;operní režisérka
opernískladatel;Q21680731;operní skladatel
orientačníběžec;Q13581129;orientační běžec
orientačníběžkyně;Q13581129;orientační běžkyně
orientálnítanečnice;Q5420718;orientální tanečnice
patentovýzástupce;Q84324236;patentový zástupce
pedagogickýpracovník;Q64016603;pedagogický pracovník
plastickýchirurg;Q5770349;plastický chirurg
plážovávolejbalistka;Q17361156;plážová volejbalistka
plážovýfotbalista;Q21057452;plážový fotbalista
plážovývolejbalista;Q17361156;plážový volejbalista
podnikovýprávník;Q15056889;podnikový právník
politickákomentátorka;Q11499163;politická komentátorka
politickáspisovatelka;Q15958642;politická spisovatelka
politickýfilozof;Q18930007;politický filozof
politickýgeograf;Q52386692;politický geograf
politickýkomentátor;Q11499163;politický komentátor
politickýnovinář;Q15973695;politický novinář
politickýporadce;Q8125919;politická poradkyně
politickýspisovatel;Q15958642;politický spisovatel
politickýteoretik;Q15994177;politický teoretik
popularizátorvědy;Q15143191;popularizátor vědy
popularizátorkavědy;Q15143191;popularizátorka vědy
porodníasistentka;Q185196;porodní asistentka
portrétnífotograf;Q2544530;portrétní fotograf
portrétnímalíř;Q2180411;portrétní malíř
portrétnímalířka;Q2180411;portrétní malířka
pouličníumělec;Q2914170;pouliční umělec
pouličníumělkyně;Q2914170;pouliční umělkyně
pozemníhokejista;Q10843263;pozemní hokejista
pozemníhokejistka;Q10843263;pozemní hokejistka
prmanažer;Q4178004;pr manažer
prmanažerka;Q4178004;pr manažerka
praktickásestra;Q1078096;praktická sestra
praktickýlékař;Q6500773;praktický lékař
právníasistent;Q620413;právní asistent
právníasistentka;Q620413;právní asistentka
právníhistorička;Q2135538;právní historička
právníporadkyně;Q2664701;právní poradkyně
právnívědec;Q16012028;právní vědec
právnívědkyně;Q16012028;právní vědkyně
právnízástupce;Q758225;právní zástupce
právnízástupkyně;Q758225;právní zástupkyně
produktovýmanažer;Q2552738;produktový manažer
profesionálnígolfista;Q490253;profesionální golfista
profesionálnígolfistka;Q490253;profesionální golfistka
profesionálníwrestler;Q13474373;profesionální wrestler
profesionálníwrestlerka;Q13474373;profesionální wrestlerka
projektovýmanažer;Q816432;projektový manažer
provozníředitel;Q623279;provozní ředitel
provozníředitelka;Q623279;provozní ředitelka
průmyslovýdesigner;Q11287574;průmyslový designer
průmyslovýmechanik;Q1662081;průmyslový mechanik
přednostastanice;Q2962020;přednosta stanice
půdníbiolog;Q70347046;půdní biolog
půdníbioložka;Q70347046;půdní bioložka
radiologickýasistent;Q12048588;radiologický asistent
rallyovýzávodník;Q10842936;rallyový závodník
realitnímakléř;Q519076;realitní makléř
realitnímakléřka;Q519076;realitní makléřka
redakčníkarikaturista;Q3024627;redakční karikaturista
redakčníkarikaturistka;Q3024627;redakční karikaturistka
referenčníknihovník;Q60462065;referenční knihovník
reportážnífotografka;Q957729;reportážní fotografka
reprezentačnítrenér;Q1969425;reprezentační trenér
reprezentačnítrenérka;Q1969425;reprezentační trenérka
režiséranimace;Q779815;režisér animace
rozhlasovámoderátorka;Q2722764;rozhlasová moderátorka
rozhlasováproducentka;Q3406651;rozhlasová producentka
rozhlasovýmoderátor;Q2722764;rozhlasový moderátor
rozhlasovýproducent;Q3406651;rozhlasový producent
ředitelmuzea;Q22132694;ředitel muzea
ředitelškoly;Q1056391;ředitel školy
ředitelkamuzea;Q22132694;ředitelka muzea
řeholníkanovník;Q89566537;řeholní kanovník
řidičautobusu;Q829020;řidič autobusu
řidičkamionu;Q508846;řidič kamionu
řidičtramvaje;Q3566741;řidič tramvaje
řidičkaautobusu;Q829020;řidička autobusu
řidičkakamionu;Q508846;řidička kamionu
sexuálnípedagog;Q21507004;sexuální pedagog
sexuálnípedagožka;Q21507004;sexuální pedagožka
silničnícyklista;Q52217314;silniční cyklista
silničnícyklistka;Q52217314;silniční cyklistka
silovásportovkyně;Q7623231;silová sportovkyně
silovýsportovec;Q7623231;silový sportovec
sjezdovályžařka;Q4144610;sjezdová lyžařka
sjezdovýlyžař;Q4144610;sjezdový lyžař
skladatelfilmovéhudby;Q1415090;skladatel filmové hudby
skladatelklasickéhudby;Q21680663;skladatel klasické hudby
skladatelkafilmovéhudby;Q1415090;skladatelka filmové hudby
skladatelkaklasickéhudby;Q21680663;skladatelka klasické hudby
sklářskávýtvarnice;Q2865798;sklářská výtvarnice
sklářskývýtvarník;Q2865798;sklářský výtvarník
sladkovodníbiolog;Q14556953;sladkovodní biolog
sociálnígeograf;Q84077978;sociální geograf
sociálnígeografka;Q84077978;sociální geografka
sociálníhistorička;Q17504992;sociální historička
sociálníhistorik;Q17504992;sociální historik
sociálnípedagog;Q45090899;sociální pedagog
sociálnípráce;Q205398;sociální práce
sociálnípracovnice;Q7019111;sociální pracovnice
sociálnípracovník;Q7019111;sociální pracovník
sociálnípsycholog;Q10672931;sociální psycholog
sociálnípsycholožka;Q10672931;sociální psycholožka
softwarováarchitektka;Q1548249;softwarová architektka
softwarováinženýrka;Q1709010;softwarová inženýrka
softwarovýarchitekt;Q1548249;softwarový architekt
softwarovýinženýr;Q1709010;softwarový inženýr
soudníexekutor;Q2005653;soudní exekutor
soudníexekutorka;Q2005653;soudní exekutorka
soudnítlumočník;Q25502757;soudní tlumočník
soudníznalec;Q663272;soudní znalec
soudníznalkyně;Q663272;soudní znalkyně
soukromýdetektiv;Q1058617;soukromý detektiv
speciálnípedagog;Q1030095;speciální pedagog
speciálnípedagožka;Q1030095;speciální pedagožka
spisovatelliteraturyfaktu;Q15980158;spisovatel literatury faktu
spisovatelkaliteraturyfaktu;Q15980158;spisovatelka literatury faktu
sportovnífunkcionář;Q15986539;sportovní funkcionář
sportovnífunkcionářka;Q15986539;sportovní funkcionářka
sportovnígymnasta;Q13381572;sportovní gymnasta
sportovnígymnastka;Q13381572;sportovní gymnastka
sportovníhistorička;Q17504998;sportovní historička
sportovníhistorik;Q17504998;sportovní historik
sportovníkomentátor;Q2986228;sportovní komentátor
sportovníkomentátorka;Q2986228;sportovní komentátorka
sportovnímanažer;Q26481809;sportovní manažer
sportovnínovinář;Q13219447;sportovní novinář
sportovnínovinářka;Q13219447;sportovní novinářka
sportovnípilot;Q51093963;sportovní pilot
sportovnístřelec;Q17486376;sportovní střelec
sportovnístřelkyně;Q17486376;sportovní střelkyně
sportovnívědec;Q19587958;sportovní vědec
sportovnívědkyně;Q19587958;sportovní vědkyně
správcedatabáze;Q1078262;správce databáze
stand-upkomička;Q18545066;stand-up komička
stand-upkomik;Q18545066;stand-up komik
státnítajemník;Q12781866;státní tajemník
státnízástupkyně;Q600751;státní zástupkyně
stavebnídělník;Q811122;stavební dělník
stavebnídozor;Q811459;stavební dozor
stavebníinženýr;Q13582652;stavební inženýr
stavebníinženýrka;Q13582652;stavební inženýrka
stíhacípilot;Q618694;stíhací pilot
stíhacípilotka;Q618694;stíhací pilotka
stolnítenista;Q13382519;stolní tenista
stolnítenistka;Q13382519;stolní tenistka
strojníinženýr;Q1906857;strojní inženýr
strojníinženýrka;Q1906857;strojní inženýrka
středoškolskáučitelka;Q5758653;středoškolská učitelka
středoškolskýučitel;Q5758653;středoškolský učitel
systémováinženýrka;Q1572123;systémová inženýrka
systémovýadministrátor;Q327353;systémový administrátor
systémovýarchitekt;Q7663860;systémový architekt
systémovýinženýr;Q1572123;systémový inženýr
systémovýknihovník;Q60462085;systémový knihovník
šachovýrozhodčí;Q2229544;šachový rozhodčí
šachovýteoretik;Q15958307;šachový teoretik
šachovýtrenér;Q2106721;šachový trenér
televizníherec;Q10798782;televizní herec
televizníherečka;Q10798782;televizní herečka
televizníhlasatel;Q947873;televizní hlasatel
televizníhlasatelka;Q947873;televizní hlasatelka
televiznímeteorolog;Q1154500;televizní meteorolog
televizníproducent;Q578109;televizní producent
televizníproducentka;Q578109;televizní producentka
televiznírežisér;Q2059704;televizní režisér
televiznírežisérka;Q2059704;televizní režisérka
tenisovátrenérka;Q13219424;tenisová trenérka
tenisovýrozhodčí;Q3502546;tenisový rozhodčí
tenisovýtrenér;Q13219424;tenisový trenér
teoretickábioložka;Q16270720;teoretická bioložka
teoretickáfyzička;Q19350898;teoretická fyzička
teoretickýbiolog;Q16270720;teoretický biolog
teoretickýfyzik;Q19350898;teoretický fyzik
teoretičkaumění;Q17391638;teoretička umění
teoretikumění;Q17391638;teoretik umění
textilnínávrhář;Q18611810;textilní návrhář
textilnínávrhářka;Q18611810;textilní návrhářka
textilnívýtvarnice;Q10694573;textilní výtvarnice
textilnívýtvarník;Q10694573;textilní výtvarník
tiskovámluvčí;Q2358549;tisková mluvčí
tiskovýmluvčí;Q2358549;tiskový mluvčí
učitelhudby;Q2675537;učitel hudby
učitelnáboženství;Q268190;učitel náboženství
uměleckáfotografka;Q12166078;umělecká fotografka
uměleckýfotograf;Q12166078;umělecký fotograf
uměleckýpedagog;Q15977927;umělecký pedagog
uměleckýproducent;Q47541952;umělecký producent
uměleckýředitel;Q4801269;umělecký ředitel
uměleckývedoucí;Q1797162;umělecký vedoucí
univerzitníadministrátor;Q21281706;univerzitní administrátor
válečnáfotografka;Q11496048;válečná fotografka
válečnázpravodajka;Q164236;válečná zpravodajka
válečnýfotograf;Q11496048;válečný fotograf
válečnýzpravodaj;Q164236;válečný zpravodaj
vědeckáspisovatelka;Q3745071;vědecká spisovatelka
vědeckýilustrátor;Q19507792;vědecký ilustrátor
vědeckýspisovatel;Q3745071;vědecký spisovatel
vedoucíoddělení;Q334473;vedoucí oddělení
veterinárnílékař;Q202883;veterinární lékař
veterinárnílékařka;Q202883;veterinární lékařka
vězeňskýkaplan;Q10500764;vězeňský kaplan
vězeňskýpracovník;Q311396;vězeňský pracovník
videoblogger;Q4110598;video blogger
vodnílyžař;Q12340540;vodní lyžař
vodnílyžařka;Q12340540;vodní lyžařka
vojákzpovolání;Q829064;vojačka z povolání
vojenskáhistorička;Q1493121;vojenská historička
vojenskálékařka;Q4002666;vojenská lékařka
vojenskáosoba;Q47064;vojenská osoba
vojenskávelitelka;Q11545923;vojenská velitelka
vojenskýhistorik;Q1493121;vojenský historik
vojenskýkaplan;Q918824;vojenský kaplan
vojenskýlékař;Q4002666;vojenský lékař
vojenskýletec;Q408832;vojenská letkyně
vojenskývelitel;Q11545923;vojenský velitel
výchovnýporadce;Q44326516;výchovný poradce
výkonnáproducentka;Q1053574;výkonná producentka
výkonnýproducent;Q1053574;výkonný producent
výrobcehudebníchnástrojů;Q1955150;výrobce hudebních nástrojů
výrobceklavírů;Q885122;výrobce klavírů
výrobcekytar;Q450202;výrobce kytar
výrobkyněhudebníchnástrojů;Q1955150;výrobkyně hudebních nástrojů
vysokoškolskáučitelka;Q1622272;vysokoškolská učitelka
vysokoškolskýučitel;Q1622272;vysokoškolský učitel
vývojářpočítačovýchher;Q58287519;vývojář počítačových her
vývojářvideoher;Q18882335;vývojář videoher
vývojářkapočítačovýchher;Q58287519;vývojářka počítačových her
vývojářkavideoher;Q18882335;vývojářka videoher
vývojovábioložka;Q15839135;vývojová bioložka
vývojovýbiolog;Q15839135;vývojový biolog
vzdělávacíporadce;Q20650482;vzdělávací poradce
webovávývojářka;Q6859454;webová vývojářka
webovývývojář;Q6859454;webový vývojář
wikipedistarezident;Q3809586;wikipedista rezident
zahradníarchitekt;Q15432439;zahradní architekt
zahradníarchitektka;Q15432439;zahradní architektka
zahraničnízpravodaj;Q18190897;zahraniční zpravodaj
závodnípilot;Q61043082;závodní pilot
zdravotníklaun;Q12040660;zdravotní klaun
zdravotnickázáchranářka;Q330204;zdravotnická záchranářka
zdravotnickýpracovník;Q11974939;zdravotnický pracovník
zdravotnickýzáchranář;Q330204;zdravotnický záchranář
zemědělskáinženýrka;Q10272925;zemědělská inženýrka
zemědělskýinženýr;Q10272925;zemědělský inženýr
zpravodajskádůstojnice;Q5121444;zpravodajská důstojnice
zpravodajskáfotografka;Q957729;zpravodajská fotografka
zpravodajskýdůstojník;Q5121444;zpravodajský důstojník
zubnílékař;Q27349;zubní lékař
zubnílékařka;Q27349;zubní lékařka
zubnítechnik;Q144075;zubní technik
zvukováinženýrka;Q128124;zvuková inženýrka
zvukovýinženýr;Q128124;zvukový inženýr
železničníinženýr;Q66711686;železniční inženýr
železničníinženýrka;Q66711686;železniční inženýrka
železničníprůvodčí;Q2962041;železniční průvodčí
žurnalistickáfotografka;Q957729;žurnalistická fotografka
řezník;Q329737;řezník
řeznice;Q329737;řeznice
